agency,gross,site_number,station,site_type,lat,long,dec_coord_datum_cd,state,county
USGS,1619320,1619320,"ALB. POWELL FISH HATCHERY SP. AT BEAVER CREEK, MD",SP,39.58954224,-77.63832438,NAD83,MD,43
USGS,1621014,1621014,"SPRING AT SPARKLING SPRINGS, VA",SP,38.55151008,-78.9522515,NAD83,MD,165
USGS,3.82338E+14,382338076304301,South seep,SP,38.3940129,-76.5116205,NAD83,MD,9
USGS,3.82339E+14,382339076304301,"Center Seep, Patterson Park Shore",SP,38.39429068,-76.5116205,NAD83,MD,9
USGS,3.8234E+14,382340076304301,North seep,SP,38.39456845,-76.5116205,NAD83,MD,9
USGS,3.82948E+14,382948078575301,39RS  1,SP,38.4968,-78.9647611,NAD83,MD,165
USGS,3.83052E+14,383052077022701,CH Cd  48,SP,38.532343,-77.04191998,NAD83,MD,17
USGS,3.83136E+14,383136078563401,39SS  3,SP,38.52675278,-78.9429806,NAD83,MD,165
USGS,3.83149E+14,383149078570401,39SS-005,SP,38.53027778,-78.9511111,NAD83,MD,165
USGS,3.83234E+14,383234078553201,39SS  2,SP,38.54278889,-78.9255917,NAD83,MD,165
USGS,3.83255E+14,383255078561901,39SS  4,SP,38.5486111,-78.9386111,NAD83,MD,165
USGS,3.83441E+14,383441076535101,CH Cf  14,SP,38.57817545,-76.8971935,NAD83,MD,17
USGS,3.83454E+14,383454076523401,CH Cf  24,SP,38.5817865,-76.8758039,NAD83,MD,17
USGS,3.83553E+14,383553077044901,CH Bd  12,SP,38.59789656,-77.0774769,NAD83,MD,17
USGS,3.8383E+14,383830076565001,CH Be  30,SP,38.64178449,-76.94691769,NAD83,MD,17
USGS,3.84815E+14,384815076394001,AA Fd   1,SP,38.80428168,-76.6607974,NAD83,MD,3
USGS,3.85344E+14,385344076354501,AA Ed  20,SP,38.89566898,-76.59551799,NAD83,MD,3
USGS,3.85619E+14,385619077063601,Spring 1 at Dalecarlia Reservoir,SP,38.9386111,-77.11,NAD83,MD,1
USGS,3.85824E+14,385824077001901,MO Fg  10,SP,38.9734438,-77.0049764,NAD83,MD,31
USGS,3.85825E+14,385825077001701,PG Cb   1,SP,38.97372157,-77.0044208,NAD83,MD,33
USGS,3.85946E+14,385946077095901,MO Ff  18,SP,38.99622099,-77.16609048,NAD83,MD,31
USGS,3.90124E+14,390124076135801,KE Eb   3,SP,39.023445,-76.2324533,NAD83,MD,29
USGS,3.90231E+14,390231077155401,MO Ed  11,SP,39.04205339,-77.2647041,NAD83,MD,31
USGS,3.90246E+14,390246077163801,MO Ed   8,SP,39.04621994,-77.2769268,NAD83,MD,31
USGS,3.90255E+14,390255077163701,MO Ed   9,SP,39.04871989,-77.27664908,NAD83,MD,31
USGS,3.90303E+14,390303077164701,MO Ed  10,SP,39.05094207,-77.279427,NAD83,MD,31
USGS,3.90337E+14,390337077094601,MO Ef  50,SP,39.06038655,-77.16247989,NAD83,MD,31
USGS,3.90655E+14,390655076540301,MO Di   4,SP,39.11538595,-76.90052988,NAD83,MD,31
USGS,3.90825E+14,390825077132501,MO De  42,SP,39.1403851,-77.2233154,NAD83,MD,31
USGS,3.9094E+14,390940076581001,HO Dd  13,SP,39.1612183,-76.969143,NAD83,MD,27
USGS,3.91013E+14,391013077281101,MO Cb  12,SP,39.1712159,-77.469432,NAD83,MD,31
USGS,3.91054E+14,391054076575801,HO Cd 240,SP,39.18177354,-76.9658097,NAD83,MD,27
USGS,3.91107E+14,391107076534701,HO Ce  35,SP,39.1853848,-76.89608588,NAD83,MD,27
USGS,3.9111E+14,391110076542201,HO Ce  34,SP,39.18649587,-76.9058083,NAD83,MD,27
USGS,3.91116E+14,391116076495401,HO Cf  38,SP,39.18760719,-76.8319177,NAD83,MD,27
USGS,3.91117E+14,391117076535401,HO Ce  28,SP,39.1881625,-76.89803039,NAD83,MD,27
USGS,3.91126E+14,391126076541901,HO Ce  25,SP,39.19066247,-76.904975,NAD83,MD,27
USGS,3.91132E+14,391132076545001,HO Ce  36,SP,39.19232908,-76.9135863,NAD83,MD,27
USGS,3.91201E+14,391201077035601,MO Cg  18,SP,39.20038417,-77.06525668,NAD83,MD,31
USGS,3.9122E+14,391220076534701,HO Ce  54,SP,39.20649557,-76.8963638,NAD83,MD,27
USGS,3.91232E+14,391232079285001,GA Ga   1,SP,39.20899597,-79.4803304,NAD83,MD,23
USGS,3.91247E+14,391247077032001,MO Cg  19,SP,39.2131617,-77.0552565,NAD83,MD,31
USGS,3.91247E+14,391247079290501,GA Ga   7,SP,39.2131626,-79.4844973,NAD83,MD,23
USGS,3.91258E+14,391258079283501,GA Ga  11,SP,39.2162181,-79.4761636,NAD83,MD,23
USGS,3.91303E+14,391303079280501,GA Ga  12,SP,39.21760694,-79.4678298,NAD83,MD,23
USGS,3.91308E+14,391308076425901,HO Cg  20,SP,39.21788494,-76.7177483,NAD83,MD,27
USGS,3.9132E+14,391320077270101,MO Cb  13,SP,39.2228814,-77.4491533,NAD83,MD,31
USGS,3.91321E+14,391321079280301,GA Ga  10,SP,39.22260688,-79.46727419,NAD83,MD,23
USGS,3.91322E+14,391322075463001,Seep NW of AND-IR-W-6S,SP,39.2228333,-75.7750833,NAD83,MD,35
USGS,3.91326E+14,391326079253701,ISLAND C AMD P AT HENRY WV,SP,39.2239956,-79.42671639,NAD83,MD,23
USGS,3.914E+14,391400077151401,MO Bd  12,SP,39.23343899,-77.253595,NAD83,MD,31
USGS,3.91408E+14,391408077032101,MO Cg  20,SP,39.2356613,-77.0555344,NAD83,MD,31
USGS,3.91415E+14,391415079270601,GA Ga   5,SP,39.23760665,-79.45144,NAD83,MD,23
USGS,3.91433E+14,391433079265801,GA Ga   4,SP,39.24260658,-79.4492177,NAD83,MD,23
USGS,3.91439E+14,391439076555601,HO Cd  80,SP,39.2448281,-76.9308093,NAD83,MD,27
USGS,3.91439E+14,391439076555602,HO Cd  81,SP,39.24455036,-76.9308093,NAD83,MD,27
USGS,3.91448E+14,391448076462001,HO Cf  32,SP,39.2473287,-76.7713615,NAD83,MD,27
USGS,3.91451E+14,391451077210001,MO Cc  71,SP,39.2476042,-77.34970748,NAD83,MD,31
USGS,3.91451E+14,391451079264201,GA Ga   2,SP,39.2476065,-79.44477299,NAD83,MD,23
USGS,3.91453E+14,391453075590801,KE Ce   2,SP,39.24816495,-75.9852205,NAD83,MD,29
USGS,3.91504E+14,391504079281701,GA Ga   9,SP,39.2512176,-79.4711633,NAD83,MD,23
USGS,3.91513E+14,391513076554201,HO Bd 188,SP,39.2537169,-76.92803158,NAD83,MD,27
USGS,3.91517E+14,391517076455801,BA Fb  77,SP,39.25482867,-76.7658059,NAD83,MD,5
USGS,3.91522E+14,391522079253701,METTIKI A&B MINE NR WILSON MD,SP,39.2562171,-79.4267163,NAD83,MD,23
USGS,3.91527E+14,391527076560701,HO Bd  15,SP,39.2576057,-76.9349762,NAD83,MD,27
USGS,3.91527E+14,391527079254101,METTIKI A&B AMD NR WILSON MD,SP,39.2576059,-79.4278274,NAD83,MD,23
USGS,3.91533E+14,391533076563301,HO Bd  18,SP,39.2592723,-76.9421986,NAD83,MD,27
USGS,3.91534E+14,391534077021701,HO Bc 264,SP,39.2595498,-77.0377564,NAD83,MD,27
USGS,3.91544E+14,391544079280601,GA Ga   8,SP,39.262328,-79.46810728,NAD83,MD,23
USGS,3.91553E+14,391553076483801,HO Bf  80,SP,39.2648284,-76.8102514,NAD83,MD,27
USGS,3.91613E+14,391613077314601,FR Fc  22,SP,39.2703799,-77.5291544,NAD83,MD,21
USGS,3.91616E+14,391616079245101,GA Fb   1,SP,39.27121618,-79.4139374,NAD83,MD,23
USGS,3.91621E+14,391621079253501,GA Fa  10,SP,39.272605,-79.4261603,NAD83,MD,23
USGS,3.91635E+14,391635079290801,GA Fa   5,SP,39.27649388,-79.48533,NAD83,MD,23
USGS,3.91644E+14,391644077275501,FR Fd  55,SP,39.27899148,-77.4649865,NAD83,MD,21
USGS,3.91647E+14,391647079285801,GA Fa   6,SP,39.27982699,-79.482552,NAD83,MD,23
USGS,3.91702E+14,391702076003501,Diffuse Seep nr Morgan Crk,SP,39.2837472,-76.0096861,NAD83,MD,29
USGS,3.91705E+14,391705077095501,MO Bf   7,SP,39.2848271,-77.16498188,NAD83,MD,31
USGS,3.91721E+14,391721077115601,MO Be  40,SP,39.28927147,-77.1985938,NAD83,MD,31
USGS,3.91737E+14,391737077012001,HO Bc 189,SP,39.29371594,-77.0219232,NAD83,MD,27
USGS,3.91739E+14,391739079210501,GA Fb   3,SP,39.29427019,-79.3511558,NAD83,MD,23
USGS,3.9174E+14,391740077270801,FR Fd  82,SP,39.29454708,-77.45193078,NAD83,MD,21
USGS,3.91745E+14,391745079252201,GA Fa   9,SP,39.29593694,-79.42254839,NAD83,MD,23
USGS,3.91745E+14,391745079252501,GA Fa   8,SP,39.29593694,-79.4233818,NAD83,MD,23
USGS,3.91756E+14,391756077232501,FR Fe  13,SP,39.2989921,-77.3899855,NAD83,MD,21
USGS,3.918E+14,391800077264701,FR Fd  81,SP,39.30010266,-77.4460974,NAD83,MD,21
USGS,3.91816E+14,391816076414301,1N5W-   1,SP,39.304551,-76.6949706,NAD83,MD,510
USGS,3.91818E+14,391818079241701,GA Fb   2,SP,39.305103,-79.4044917,NAD83,MD,23
USGS,3.9182E+14,391820077332701,FR Fc  13,SP,39.3056574,-77.55721058,NAD83,MD,21
USGS,3.91839E+14,391839077092501,HO Bb  60,SP,39.3109378,-77.15664838,NAD83,MD,27
USGS,3.91841E+14,391841077001601,HO Bc 176,SP,39.3117712,-77.00386749,NAD83,MD,27
USGS,3.91846E+14,391846077370501,FR Fb  12,SP,39.3128793,-77.6177676,NAD83,MD,21
USGS,3.91847E+14,391847077370401,FR Fb  10,SP,39.31315708,-77.6174898,NAD83,MD,21
USGS,3.91852E+14,391852076414801,2N5W-  1,SP,39.31455097,-76.6963597,NAD83,MD,510
USGS,3.91852E+14,391852076484801,HO Bf  35,SP,39.31482804,-76.81303,NAD83,MD,27
USGS,3.91853E+14,391853076420301,2N5W-  2,SP,39.3148287,-76.7005265,NAD83,MD,510
USGS,3.91903E+14,391903077173402,FR Ff   2,SP,39.3176039,-77.2924841,NAD83,MD,21
USGS,3.91911E+14,391911077024601,HO Bc 142,SP,39.3198266,-77.0460907,NAD83,MD,27
USGS,3.91926E+14,391926077255401,FR Fd  80,SP,39.3239915,-77.4313749,NAD83,MD,21
USGS,3.91928E+14,391928077271101,FR Fd  77,SP,39.32454689,-77.452764,NAD83,MD,21
USGS,3.91928E+14,391928079260201,GA Fa  11,SP,39.32454634,-79.4336593,NAD83,MD,23
USGS,3.9193E+14,391930077270301,FR Fd  75,SP,39.32510246,-77.4505418,NAD83,MD,21
USGS,3.9193E+14,391930077270401,FR Fd  76,SP,39.32510246,-77.45081958,NAD83,MD,21
USGS,3.91931E+14,391931077425001,WA Fi  10,SP,39.32537874,-77.7136033,NAD83,MD,43
USGS,3.91933E+14,391933077323201,FR Fc  12,SP,39.32593515,-77.5419324,NAD83,MD,21
USGS,3.91934E+14,391934077270901,FR Fd  78,SP,39.32621355,-77.45220848,NAD83,MD,21
USGS,3.91936E+14,391936077321101,FR Fc  15,SP,39.3267685,-77.5360989,NAD83,MD,21
USGS,3.9194E+14,391940077261401,FR Fd  79,SP,39.3278803,-77.43693049,NAD83,MD,21
USGS,3.91943E+14,391943077024801,HO Bc 114,SP,39.32871535,-77.0463686,NAD83,MD,27
USGS,3.91946E+14,391946079234701,GA Fb   8,SP,39.329546,-79.3961574,NAD83,MD,23
USGS,3.91947E+14,391947077404601,WA Fi   3,SP,39.3298233,-77.679158,NAD83,MD,43
USGS,3.91949E+14,391949077094301,HO Bb  50,SP,39.3303819,-77.1616485,NAD83,MD,27
USGS,3.9195E+14,391950077421801,WA Fi   2,SP,39.3306565,-77.7047142,NAD83,MD,43
USGS,3.91954E+14,391954077343401,FR Fc   8,SP,39.33176828,-77.5758221,NAD83,MD,21
USGS,3.92006E+14,392006076343501,3N3E-  3,SP,39.335107,-76.5760773,NAD83,MD,510
USGS,3.9201E+14,392010077255301,FR Ed  59,SP,39.33621366,-77.431097,NAD83,MD,21
USGS,3.9201E+14,392010077271301,FR Ed  64,SP,39.33621348,-77.45331959,NAD83,MD,21
USGS,3.92011E+14,392011077422601,WA Ei  50,SP,39.33648978,-77.7069365,NAD83,MD,43
USGS,3.92019E+14,392019079184801,GA Ec   3,SP,39.33871207,-79.3130976,NAD83,MD,23
USGS,3.92034E+14,392034077033501,HO Ac  78,SP,39.34288178,-77.0594245,NAD83,MD,27
USGS,3.92038E+14,392038077271701,FR Ed  65,SP,39.3439912,-77.4544307,NAD83,MD,21
USGS,3.9204E+14,392040077405601,WA Ei  31,SP,39.3445454,-77.68193588,NAD83,MD,43
USGS,3.92048E+14,392048077270401,FR Ed  66,SP,39.34676899,-77.4508195,NAD83,MD,21
USGS,3.92054E+14,392054077270401,FR Ed  67,SP,39.34843564,-77.4508195,NAD83,MD,21
USGS,3.92058E+14,392058076481701,BA Eb 289,SP,39.34955009,-76.8044191,NAD83,MD,5
USGS,3.92058E+14,392058077270301,FR Ed  68,SP,39.34954675,-77.4505417,NAD83,MD,21
USGS,3.92059E+14,392059076504901,BA Ea  89,SP,39.34982749,-76.8466423,NAD83,MD,5
USGS,3.92107E+14,392107079231601,GA Eb  17,SP,39.35204467,-79.3875453,NAD83,MD,23
USGS,3.92108E+14,392108079200801,GA Eb  20,SP,39.3523224,-79.3353206,NAD83,MD,23
USGS,3.92111E+14,392111076053801,KE Ac  13,SP,39.35316656,-76.0935599,NAD83,MD,29
USGS,3.92114E+14,392114076571601,HO Ad  48,SP,39.35399315,-76.9541448,NAD83,MD,27
USGS,3.92114E+14,392114079182001,GA Ec   4,SP,39.353989,-79.30531918,NAD83,MD,23
USGS,3.92115E+14,392115077100401,CL Eb   1,SP,39.3542704,-77.1674819,NAD83,MD,13
USGS,3.92116E+14,392116077414301,WA Ei  10,SP,39.3545452,-77.6949918,NAD83,MD,43
USGS,3.92116E+14,392116079181601,GA Ec   5,SP,39.3545445,-79.304208,NAD83,MD,23
USGS,3.92122E+14,392122076545001,CL Ef  50,SP,39.3562157,-76.91358839,NAD83,MD,13
USGS,3.92122E+14,392122077035201,HO Ac  91,SP,39.3562149,-77.064147,NAD83,MD,27
USGS,3.92128E+14,392128077393401,FR Eb  23,SP,39.35787875,-77.6591575,NAD83,MD,21
USGS,3.92129E+14,392129076582701,HO Ad  23,SP,39.35843735,-76.97386759,NAD83,MD,27
USGS,3.9213E+14,392130077414401,WA Ei   9,SP,39.35843409,-77.6952695,NAD83,MD,43
USGS,3.92134E+14,392134077441401,WA Ei   3,SP,39.35954494,-77.7369373,NAD83,MD,43
USGS,3.92136E+14,392136077415901,WA Ei  51,SP,39.3601007,-77.6994363,NAD83,MD,43
USGS,3.92142E+14,392142077375101,FR Eb  26,SP,39.36176778,-77.6305457,NAD83,MD,21
USGS,3.92148E+14,392148077254901,FR Ed  69,SP,39.36343569,-77.4299858,NAD83,MD,21
USGS,3.9215E+14,392150076492301,BA Eb 290,SP,39.36399426,-76.822753,NAD83,MD,5
USGS,3.92156E+14,392156079211801,GA Eb  33,SP,39.365655,-79.3547657,NAD83,MD,23
USGS,3.92159E+14,392159079211101,GA Eb  34,SP,39.36648829,-79.35282119,NAD83,MD,23
USGS,3.92202E+14,392202079210501,GA Eb  35,SP,39.36732157,-79.3511544,NAD83,MD,23
USGS,3.92203E+14,392203079172401,GA Ec   9,SP,39.36759937,-79.2897627,NAD83,MD,23
USGS,3.92206E+14,392206077402401,WA Ei   8,SP,39.3684341,-77.6730468,NAD83,MD,43
USGS,3.92208E+14,392208077062001,CL Ec  10,SP,39.36899244,-77.1052588,NAD83,MD,13
USGS,3.92212E+14,392212076035501,KE Ad  20,SP,39.3706674,-76.0641145,NAD83,MD,29
USGS,3.92216E+14,392216077124001,FR Eg   5,SP,39.37121458,-77.2108159,NAD83,MD,21
USGS,3.92216E+14,392216079175601,GA Ec   6,SP,39.37121028,-79.298652,NAD83,MD,23
USGS,3.92228E+14,392228077410301,WA Ei  26,SP,39.3745451,-77.6838804,NAD83,MD,43
USGS,3.92232E+14,392232077393401,WA Ej   5,SP,39.37565638,-77.6591575,NAD83,MD,43
USGS,3.92232E+14,392232077393402,WA Ej   4,SP,39.37565638,-77.6591575,NAD83,MD,43
USGS,3.92238E+14,392238077440601,WA Ei  19,SP,39.37732256,-77.7336038,NAD83,MD,43
USGS,3.92243E+14,392243077250201,FR Ed  42,SP,39.3787134,-77.41693,NAD83,MD,21
USGS,3.92249E+14,392249077254001,FR Ed  70,SP,39.38038,-77.4274858,NAD83,MD,21
USGS,3.92249E+14,392249077254201,FR Ed  71,SP,39.38038,-77.4280413,NAD83,MD,21
USGS,3.9225E+14,392250077392801,WA Ej   6,SP,39.38065635,-77.6574908,NAD83,MD,43
USGS,3.9225E+14,392250077394601,WA Ej   2,SP,39.3806563,-77.6624909,NAD83,MD,43
USGS,3.9225E+14,392250079203701,GA Eb  19,SP,39.38065415,-79.343376,NAD83,MD,23
USGS,3.92256E+14,392256079283001,GA Ea  61,SP,39.38232057,-79.4747708,NAD83,MD,23
USGS,3.92256E+14,392256079283401,GA Ea  12,SP,39.38232057,-79.475882,NAD83,MD,23
USGS,3.92303E+14,392303079161101,GA Ec  11,SP,39.38426515,-79.26948379,NAD83,MD,23
USGS,3.92305E+14,392305077393301,WA Ej   7,SP,39.38482297,-77.6588797,NAD83,MD,43
USGS,3.92305E+14,392305079284801,GA Ea  13,SP,39.3848204,-79.479771,NAD83,MD,23
USGS,3.92314E+14,392314077282701,FR Ed  84,SP,39.38732416,-77.4738753,NAD83,MD,21
USGS,3.92315E+14,392315077282701,FR Ed  83,SP,39.3876019,-77.4738753,NAD83,MD,21
USGS,3.92316E+14,392316077282801,FR Ed  82,SP,39.3878797,-77.4741531,NAD83,MD,21
USGS,3.92328E+14,392328079154501,GA Ec  12,SP,39.3912092,-79.2622612,NAD83,MD,23
USGS,3.92335E+14,392335077312301,FR Ec   4,SP,39.39315717,-77.5227652,NAD83,MD,21
USGS,3.92348E+14,392348077440401,WA Ei  49,SP,39.3967668,-77.7341594,NAD83,MD,43
USGS,3.92351E+14,392351079174501,GA Ec   7,SP,39.3975977,-79.29559589,NAD83,MD,23
USGS,3.92359E+14,392359077390901,WA Ej   9,SP,39.3998229,-77.6522129,NAD83,MD,43
USGS,3.92403E+14,392403077105201,FR Eg  13,SP,39.4009363,-77.1808154,NAD83,MD,21
USGS,3.92403E+14,392403079182201,GA Ec   1,SP,39.40093085,-79.305874,NAD83,MD,23
USGS,3.92405E+14,392405077392301,WA Ej   8,SP,39.4014895,-77.65610189,NAD83,MD,43
USGS,3.92416E+14,392416077262901,FR Ed   3,SP,39.40454645,-77.441097,NAD83,MD,21
USGS,3.92416E+14,392416077262902,FR Ed   4,SP,39.40454645,-77.441097,NAD83,MD,21
USGS,3.9242E+14,392420079221701,GA Eb  72,SP,39.40565267,-79.3711546,NAD83,MD,23
USGS,3.92432E+14,392432077395201,WA Ej   3,SP,39.4089894,-77.6641576,NAD83,MD,43
USGS,3.92432E+14,392432077430601,WA Ei  36,SP,39.408989,-77.7180479,NAD83,MD,43
USGS,3.92436E+14,392436077391201,WA Ej  24,SP,39.41010059,-77.6530463,NAD83,MD,43
USGS,3.92445E+14,392445076170801,Seep 6N,SP,39.4125,-76.2855556,NAD83,MD,25
USGS,3.92446E+14,392446077413001,WA Ei  99,SP,39.41287806,-77.6913806,NAD83,MD,43
USGS,3.92448E+14,392448077435701,WA Ei  35,SP,39.4134333,-77.7322149,NAD83,MD,43
USGS,3.92449E+14,392449077245401,FR Ee 100,SP,39.41371316,-77.4147077,NAD83,MD,21
USGS,3.92449E+14,392449077434101,WA Ei  48,SP,39.4137111,-77.7277704,NAD83,MD,43
USGS,3.92449E+14,392449077434201,WA Ei  47,SP,39.4137111,-77.7280481,NAD83,MD,43
USGS,3.92454E+14,392454077154901,FR Ef  22,SP,39.41510267,-77.2633163,NAD83,MD,21
USGS,3.92457E+14,392457077343001,FR Ec   2,SP,39.41593446,-77.5747109,NAD83,MD,21
USGS,3.92457E+14,392457077412701,WA Ei  23,SP,39.4159336,-77.6905472,NAD83,MD,43
USGS,3.92501E+14,392501079245601,GA Db  28,SP,39.41704078,-79.4153229,NAD83,MD,23
USGS,3.92509E+14,392509079244301,GA Db  16,SP,39.41926288,-79.4117115,NAD83,MD,23
USGS,3.92511E+14,392511076351001,BA Dd 299,SP,39.4198288,-76.585801,NAD83,MD,5
USGS,3.92513E+14,392513077104901,FR Dg   1,SP,39.42038046,-77.179982,NAD83,MD,21
USGS,3.92516E+14,392516077313401,FR Dc  24,SP,39.42121258,-77.5258208,NAD83,MD,21
USGS,3.92517E+14,392517077294903,FR Dd  80,SP,39.42149056,-77.4966534,NAD83,MD,21
USGS,3.92518E+14,392518077295801,FR Dd  11,SP,39.4217683,-77.4991535,NAD83,MD,21
USGS,3.92527E+14,392527077401701,WA Di 135,SP,39.424267,-77.6711023,NAD83,MD,43
USGS,3.92535E+14,392535079253001,GA Da   8,SP,39.4264846,-79.4247675,NAD83,MD,23
USGS,3.92543E+14,392543077432801,WA Di  18,SP,39.428711,-77.7241592,NAD83,MD,43
USGS,3.92544E+14,392544077452601,WA Dh  55,SP,39.42898856,-77.7569377,NAD83,MD,43
USGS,3.92548E+14,392548077331601,FR Dc  21,SP,39.4301012,-77.5541548,NAD83,MD,21
USGS,3.92549E+14,392549077175001,FR Df  11,SP,39.4303801,-77.29692788,NAD83,MD,21
USGS,3.92551E+14,392551077455301,WA Dh   9,SP,39.43093297,-77.7644379,NAD83,MD,43
USGS,3.92552E+14,392552077262201,FR Dd 178,SP,39.43121294,-77.4391525,NAD83,MD,21
USGS,3.92553E+14,392553077262601,FR Dd 244,SP,39.43144444,-77.4406111,NAD83,MD,21
USGS,3.92553E+14,392553077462301,WA Dh   7,SP,39.4314885,-77.7727714,NAD83,MD,43
USGS,3.92556E+14,392556077263301,FR Dd 213,SP,39.432324,-77.442208,NAD83,MD,21
USGS,3.92556E+14,392556077455301,WA Dh  10,SP,39.43232184,-77.7644379,NAD83,MD,43
USGS,3.92557E+14,392557079154701,GA Dc  29,SP,39.4325959,-79.26281628,NAD83,MD,23
USGS,3.92558E+14,392558077465701,WA Dh   8,SP,39.43287735,-77.78221609,NAD83,MD,43
USGS,3.92605E+14,392605077262801,FR Dd 245,SP,39.43469444,-77.4411944,NAD83,MD,21
USGS,3.9261E+14,392610077390101,WA Dj  79,SP,39.4362115,-77.6499906,NAD83,MD,43
USGS,3.92613E+14,392613079144901,GA Dd   5,SP,39.43704016,-79.2467045,NAD83,MD,23
USGS,3.92613E+14,392613079174301,GA Dc  23,SP,39.43704,-79.2950398,NAD83,MD,23
USGS,3.9262E+14,392620076440001,BA Dc  59,SP,39.4389947,-76.7324739,NAD83,MD,5
USGS,3.92623E+14,392623077442601,WA Di  36,SP,39.43982187,-77.74027068,NAD83,MD,43
USGS,3.92624E+14,392624077314401,FR Dc  22,SP,39.44010136,-77.5285986,NAD83,MD,21
USGS,3.92624E+14,392624077405701,WA Di 131,SP,39.4401001,-77.6822137,NAD83,MD,43
USGS,3.92628E+14,392628076411701,BA Dc 117,SP,39.44121715,-76.6877499,NAD83,MD,5
USGS,3.92628E+14,392628076534301,CL Df  76,SP,39.4412149,-76.8949781,NAD83,MD,13
USGS,3.92631E+14,392631076304801,BA De   1,SP,39.44205129,-76.5130206,NAD83,MD,5
USGS,3.92641E+14,392641077245601,FR De  71,SP,39.444824,-77.4152631,NAD83,MD,21
USGS,3.92643E+14,392643077245501,FR De   2,SP,39.44537957,-77.4149853,NAD83,MD,21
USGS,3.92646E+14,392646077432701,WA Di  35,SP,39.4462108,-77.72388138,NAD83,MD,43
USGS,3.92647E+14,392647077244801,FR De  70,SP,39.44649068,-77.4130409,NAD83,MD,21
USGS,3.92653E+14,392653077425701,WA Di  78,SP,39.4481553,-77.7155478,NAD83,MD,43
USGS,3.92654E+14,392654077294501,FR Dd  12,SP,39.4484349,-77.4955423,NAD83,MD,21
USGS,3.927E+14,392700077391101,WA Dj   8,SP,39.45010027,-77.6527685,NAD83,MD,43
USGS,3.92709E+14,392709076393001,BA Dd 297,SP,39.4526061,-76.6580266,NAD83,MD,5
USGS,3.92716E+14,392716077085001,FR Dh   2,SP,39.45454658,-77.1469263,NAD83,MD,21
USGS,3.92719E+14,392719077441501,WA Di 102,SP,39.45537729,-77.737215,NAD83,MD,43
USGS,3.92719E+14,392719077442801,WA Di  72,SP,39.45537726,-77.7408263,NAD83,MD,43
USGS,3.92721E+14,392721077202101,FR De  77,SP,39.4559352,-77.33887288,NAD83,MD,21
USGS,3.92721E+14,392721077203001,FR De  78,SP,39.4559352,-77.3413729,NAD83,MD,21
USGS,3.92722E+14,392722077195101,FR Df  24,SP,39.456213,-77.3305394,NAD83,MD,21
USGS,3.92722E+14,392722077245601,FR De  79,SP,39.4562128,-77.41526309,NAD83,MD,21
USGS,3.92722E+14,392722077444101,WA Di  73,SP,39.45621055,-77.7444375,NAD83,MD,43
USGS,3.92723E+14,392723077300301,FR Dc  32,SP,39.4564904,-77.5005423,NAD83,MD,21
USGS,3.92728E+14,392728077445301,WA Di   8,SP,39.45787717,-77.7477709,NAD83,MD,43
USGS,3.9273E+14,392730077444701,WA Di  49,SP,39.4584327,-77.7461042,NAD83,MD,43
USGS,3.92734E+14,392734077313501,FR Dc  29,SP,39.4595457,-77.5260986,NAD83,MD,21
USGS,3.92736E+14,392736077195801,FR Df  22,SP,39.4601018,-77.3324839,NAD83,MD,21
USGS,3.92737E+14,392737077350702,FR Db   3,SP,39.46037855,-77.5849889,NAD83,MD,21
USGS,3.92739E+14,392739077462401,WA Dh   6,SP,39.4609326,-77.7730492,NAD83,MD,43
USGS,3.92745E+14,392745079270201,GA Da  11,SP,39.46259345,-79.4503231,NAD83,MD,23
USGS,3.92747E+14,392747077374501,WA Dj   7,SP,39.4631559,-77.628879,NAD83,MD,43
USGS,3.92749E+14,392749079242001,GA Db   9,SP,39.4637047,-79.4053214,NAD83,MD,23
USGS,3.92752E+14,392752077054501,CL Dc 103,SP,39.46454644,-77.0955371,NAD83,MD,13
USGS,3.92758E+14,392758077394601,WA Dj  54,SP,39.46621117,-77.6624909,NAD83,MD,43
USGS,3.92759E+14,392759077410301,WA Di  26,SP,39.46648876,-77.6838804,NAD83,MD,43
USGS,3.9281E+14,392810077302501,FR Dc  33,SP,39.46954586,-77.5066536,NAD83,MD,21
USGS,3.92813E+14,392813077375101,WA Dj  30,SP,39.47037809,-77.6305457,NAD83,MD,43
USGS,3.92818E+14,392818077065801,CL Dc 165,SP,39.4717685,-77.115815,NAD83,MD,13
USGS,3.92819E+14,392819077292901,FR Dd  78,SP,39.4720459,-77.4910977,NAD83,MD,21
USGS,3.92823E+14,392823077395301,WA Dj  26,SP,39.47315554,-77.6644354,NAD83,MD,43
USGS,3.92826E+14,392826077393701,WA Dj  19,SP,39.4739889,-77.6599909,NAD83,MD,43
USGS,3.92827E+14,392827077394501,WA Dj  20,SP,39.47426666,-77.6622131,NAD83,MD,43
USGS,3.92827E+14,392827077395801,WA Dj  21,SP,39.4742666,-77.6658243,NAD83,MD,43
USGS,3.92829E+14,392829077245201,FR De  67,SP,39.47482378,-77.41415189,NAD83,MD,21
USGS,3.92829E+14,392829077302501,FR Dc  34,SP,39.4748236,-77.5066536,NAD83,MD,21
USGS,3.92831E+14,392831077221401,FR De  42,SP,39.47537938,-77.3702622,NAD83,MD,21
USGS,3.92831E+14,392831077383101,WA Dj  32,SP,39.47537795,-77.641657,NAD83,MD,43
USGS,3.92832E+14,392832077172201,FR Df   6,SP,39.47565725,-77.2891497,NAD83,MD,21
USGS,3.92836E+14,392836077403301,WA Di  37,SP,39.4767665,-77.6755468,NAD83,MD,43
USGS,3.92836E+14,392836077442701,WA Di 103,SP,39.4767659,-77.7405485,NAD83,MD,43
USGS,3.92837E+14,392837077382001,WA Dj  31,SP,39.4770446,-77.6386014,NAD83,MD,43
USGS,3.92837E+14,392837077402601,WA Di  38,SP,39.4770443,-77.6736023,NAD83,MD,43
USGS,3.92838E+14,392838077253801,FR Dd  38,SP,39.47732375,-77.42692989,NAD83,MD,21
USGS,3.92839E+14,392839077253501,FR Dd  39,SP,39.4776015,-77.4260965,NAD83,MD,21
USGS,3.9284E+14,392840077302901,FR Dc  36,SP,39.47787915,-77.5077647,NAD83,MD,21
USGS,3.92848E+14,392848077124801,FR Dg  11,SP,39.48010169,-77.2130377,NAD83,MD,21
USGS,3.92851E+14,392851077233101,FR De  81,SP,39.48093486,-77.3916515,NAD83,MD,21
USGS,3.92851E+14,392851077373901,WA Dj   6,SP,39.4809336,-77.6272122,NAD83,MD,43
USGS,3.92856E+14,392856079092401,GA De   1,SP,39.48231526,-79.1564227,NAD83,MD,23
USGS,3.92904E+14,392904077233901,FR De  82,SP,39.48454594,-77.3938737,NAD83,MD,21
USGS,3.92907E+14,392907077441301,WA Di  28,SP,39.48537699,-77.73665949,NAD83,MD,43
USGS,3.92908E+14,392908077201901,FR De  68,SP,39.48565708,-77.3383171,NAD83,MD,21
USGS,3.92908E+14,392908079233101,GA Db  10,SP,39.4856479,-79.3917092,NAD83,MD,23
USGS,3.92914E+14,392914077420101,WA Di  30,SP,39.48732176,-77.69999188,NAD83,MD,43
USGS,3.92915E+14,392915077413301,WA Di   6,SP,39.4875996,-77.6927695,NAD83,MD,43
USGS,3.92917E+14,392917077420201,WA Di   7,SP,39.48815508,-77.7002697,NAD83,MD,43
USGS,3.92923E+14,392923076324901,BA De 632,SP,39.4898287,-76.5466337,NAD83,MD,5
USGS,3.92927E+14,392927077185101,FR Df  21,SP,39.4909348,-77.3138722,NAD83,MD,21
USGS,3.9293E+14,392930077282701,FR Dd  75,SP,39.49176807,-77.4738752,NAD83,MD,21
USGS,3.92931E+14,392931077481801,WA Dh  58,SP,39.49204325,-77.8047167,NAD83,MD,43
USGS,3.92933E+14,392933077483201,WA Dh  61,SP,39.49259878,-77.8086056,NAD83,MD,43
USGS,3.92933E+14,392933077483202,WA Dh  62,SP,39.49259878,-77.8086056,NAD83,MD,43
USGS,3.92934E+14,392934077482701,WA Dh  57,SP,39.49287656,-77.8072167,NAD83,MD,43
USGS,3.92934E+14,392934077484201,WA Dh  60,SP,39.49287654,-77.81138348,NAD83,MD,43
USGS,3.92935E+14,392935079230701,GA Db  11,SP,39.4931475,-79.3850422,NAD83,MD,23
USGS,3.92937E+14,392937077162001,FR Df  25,SP,39.49371256,-77.27192699,NAD83,MD,21
USGS,3.92938E+14,392938076380401,BA Dd 298,SP,39.49399495,-76.63413729,NAD83,MD,5
USGS,3.92939E+14,392939077454501,WA Dh   3,SP,39.4942656,-77.7622157,NAD83,MD,43
USGS,3.92943E+14,392943076442601,BA Dc  18,SP,39.49538335,-76.7402527,NAD83,MD,5
USGS,3.92946E+14,392946076504101,BA Da 119,SP,39.4962151,-76.8444221,NAD83,MD,5
USGS,3.92946E+14,392946077270301,FR Dd  87,SP,39.49621249,-77.45054138,NAD83,MD,21
USGS,3.92948E+14,392948076411401,BA Dc 440,SP,39.49677247,-76.6869172,NAD83,MD,5
USGS,3.92949E+14,392949077304301,FR Dc  35,SP,39.4970457,-77.5116537,NAD83,MD,21
USGS,3.92949E+14,392949077455601,WA Dh   2,SP,39.49704335,-77.7652713,NAD83,MD,43
USGS,3.9295E+14,392950077431601,WA Di  20,SP,39.49732146,-77.7208257,NAD83,MD,43
USGS,3.92957E+14,392957077455001,WA Dh  95,SP,39.49926555,-77.76360459,NAD83,MD,43
USGS,3.93001E+14,393001077470301,WA Ch  26,SP,39.50037656,-77.7838828,NAD83,MD,43
USGS,3.93023E+14,393023077223501,FR Ce  26,SP,39.50649009,-77.3760956,NAD83,MD,21
USGS,3.93024E+14,393024077374201,WA Cj  32,SP,39.5067666,-77.6280456,NAD83,MD,43
USGS,3.93024E+14,393024077374202,WA Cj  33,SP,39.5067666,-77.6280456,NAD83,MD,43
USGS,3.93025E+14,393025077215601,FR Ce  24,SP,39.50704564,-77.3652621,NAD83,MD,21
USGS,3.93027E+14,393027077205701,FR Ce  29,SP,39.50760119,-77.3488729,NAD83,MD,21
USGS,3.9303E+14,393030077215501,FR Ce  25,SP,39.5084345,-77.3649843,NAD83,MD,21
USGS,3.93034E+14,393034077391901,WA Cj   6,SP,39.50954407,-77.65499079,NAD83,MD,43
USGS,3.93035E+14,393035077205101,FR Ce  28,SP,39.50982337,-77.3472063,NAD83,MD,21
USGS,3.93053E+14,393053076220101,HA Cc 178,SP,39.51482965,-76.36634929,NAD83,MD,25
USGS,3.93054E+14,393054077045601,CL Cd 179,SP,39.51482354,-77.0802596,NAD83,MD,13
USGS,3.93054E+14,393054079255801,GA Ca  52,SP,39.5150904,-79.4325433,NAD83,MD,23
USGS,3.93057E+14,393057077374601,WA Cj  13,SP,39.515933,-77.6291569,NAD83,MD,43
USGS,3.93057E+14,393057077415901,WA Ci  30,SP,39.5159324,-77.6994364,NAD83,MD,43
USGS,3.93057E+14,393057077453401,WA Ch  50,SP,39.5159319,-77.7591601,NAD83,MD,43
USGS,3.93102E+14,393102076215801,HA Cc 177,SP,39.5173296,-76.3657937,NAD83,MD,25
USGS,3.93104E+14,393104076425401,BA Cc 245,SP,39.51788326,-76.714696,NAD83,MD,5
USGS,3.93104E+14,393104077215101,FR Ce  27,SP,39.5178787,-77.3638733,NAD83,MD,21
USGS,3.93107E+14,393107077195201,FR Cf  31,SP,39.51871208,-77.33081718,NAD83,MD,21
USGS,3.93108E+14,393108077195901,FR Cf  38,SP,39.51898985,-77.3327617,NAD83,MD,21
USGS,3.93108E+14,393108079241601,GA Cb  30,SP,39.51897926,-79.4042089,NAD83,MD,23
USGS,3.93111E+14,393111077373901,WA Cj  12,SP,39.51982185,-77.6272124,NAD83,MD,43
USGS,3.93122E+14,393122079265701,GA Ca  51,SP,39.5228676,-79.4489326,NAD83,MD,23
USGS,3.93123E+14,393123077484701,WA Ch  14,SP,39.52315377,-77.8127725,NAD83,MD,43
USGS,3.93125E+14,393125077210601,FR Ce  19,SP,39.52371196,-77.35137319,NAD83,MD,21
USGS,3.93125E+14,393125077484901,WA Ch  13,SP,39.52343154,-77.81332809,NAD83,MD,43
USGS,3.93125E+14,393125077485001,WA Ch 203,SP,39.5237093,-77.8136059,NAD83,MD,43
USGS,3.93125E+14,393125077485101,WA Ch 204,SP,39.5237093,-77.8138837,NAD83,MD,43
USGS,3.93127E+14,393127079204601,GA Cb  51,SP,39.5242571,-79.3458734,NAD83,MD,23
USGS,3.93129E+14,393129077175001,FR Cf   6,SP,39.5248231,-77.2969277,NAD83,MD,21
USGS,3.93131E+14,393131077471401,WA Ch  19,SP,39.52509828,-77.7874942,NAD83,MD,43
USGS,3.93132E+14,393132077471401,WA Ch  17,SP,39.5256538,-77.78693859,NAD83,MD,43
USGS,3.93136E+14,393136077362401,FR Cb  10,SP,39.5267663,-77.6063786,NAD83,MD,21
USGS,3.93137E+14,393137079243401,GA Cb  29,SP,39.5270343,-79.4092089,NAD83,MD,23
USGS,3.9314E+14,393140077361301,FR Cb   4,SP,39.5278774,-77.603323,NAD83,MD,21
USGS,3.93141E+14,393141077180001,FR Cf   5,SP,39.52815639,-77.2997056,NAD83,MD,21
USGS,3.93142E+14,393142077473301,WA Ch  20,SP,39.5284315,-77.7922165,NAD83,MD,43
USGS,3.93147E+14,393147077433801,WA Ci  55,SP,39.52982075,-77.7269372,NAD83,MD,43
USGS,3.93153E+14,393153076395701,BA Cd 217,SP,39.53149445,-76.6655274,NAD83,MD,5
USGS,3.93157E+14,393157079241401,GA Cb  28,SP,39.5325896,-79.403653,NAD83,MD,23
USGS,3.93158E+14,393158076401101,BA Cc 241,SP,39.5328833,-76.66941639,NAD83,MD,5
USGS,3.93212E+14,393212076365901,BA Cd 237,SP,39.53677239,-76.6160809,NAD83,MD,5
USGS,3.93214E+14,393214077151501,FR Cf  34,SP,39.53732299,-77.2538716,NAD83,MD,21
USGS,3.93214E+14,393214077483801,WA Ch 208,SP,39.53732017,-77.8102725,NAD83,MD,43
USGS,3.93214E+14,393214077483802,WA Ch 209,SP,39.53732017,-77.8102725,NAD83,MD,43
USGS,3.93218E+14,393218077271001,FR Cd  38,SP,39.5384336,-77.45248638,NAD83,MD,21
USGS,3.93219E+14,393219077484501,WA Ch   6,SP,39.538709,-77.812217,NAD83,MD,43
USGS,3.9322E+14,393220077063301,CL Cc 111,SP,39.53898997,-77.108871,NAD83,MD,13
USGS,3.93221E+14,393221077415901,WA Ci 174,SP,39.5392652,-77.6994365,NAD83,MD,43
USGS,3.93225E+14,393225077023801,CL Cd 137,SP,39.540379,-77.0435929,NAD83,MD,13
USGS,3.93225E+14,393225077443401,WA Ci  17,SP,39.54037595,-77.7424931,NAD83,MD,43
USGS,3.9323E+14,393230077444201,WA Ci  18,SP,39.54176479,-77.7447154,NAD83,MD,43
USGS,3.93232E+14,393232076451801,BA Cb 132,SP,39.5423272,-76.75469738,NAD83,MD,5
USGS,3.93233E+14,393233077483001,WA Ch   7,SP,39.54259785,-77.8080503,NAD83,MD,43
USGS,3.93239E+14,393239077410501,WA Ci 117,SP,39.5442652,-77.6844362,NAD83,MD,43
USGS,3.93241E+14,393241077363101,WA Cj  96,SP,39.54482136,-77.60832328,NAD83,MD,43
USGS,3.93246E+14,393246077312701,FR Cc   6,SP,39.54621088,-77.5238768,NAD83,MD,21
USGS,3.93246E+14,393246077351801,FR Cb   7,SP,39.54621038,-77.588045,NAD83,MD,21
USGS,3.93247E+14,393247077365701,WA Cj   4,SP,39.5464879,-77.6155457,NAD83,MD,43
USGS,3.93247E+14,393247077444901,WA Ci  19,SP,39.5464869,-77.7466599,NAD83,MD,43
USGS,3.93248E+14,393248079074901,GA Ce   1,SP,39.5467567,-79.1300319,NAD83,MD,23
USGS,3.93252E+14,393252079183501,GA Cc  13,SP,39.54786718,-79.3094827,NAD83,MD,23
USGS,3.93253E+14,393253077492401,WA Ch  27,SP,39.54815325,-77.8230507,NAD83,MD,43
USGS,3.93254E+14,393254079134301,GA Cd   2,SP,39.54842315,-79.2283687,NAD83,MD,23
USGS,3.93258E+14,393258077363701,WA Cj  69,SP,39.54954345,-77.60999,NAD83,MD,43
USGS,3.93258E+14,393258077451201,WA Ch  11,SP,39.54954236,-77.75304899,NAD83,MD,43
USGS,3.933E+14,393300077455001,WA Ch 194,SP,39.55009787,-77.7636048,NAD83,MD,43
USGS,3.93301E+14,393301077385201,WA Cj   5,SP,39.55037648,-77.6474909,NAD83,MD,43
USGS,3.93302E+14,393302077455201,WA Ch  16,SP,39.5506534,-77.7641604,NAD83,MD,43
USGS,3.93303E+14,393303077454901,WA Ch 193,SP,39.55093119,-77.763327,NAD83,MD,43
USGS,3.93308E+14,393308077020901,CL Cd  21,SP,39.5523234,-77.0355374,NAD83,MD,13
USGS,3.93308E+14,393308079224301,GA Cb  27,SP,39.55231089,-79.3783739,NAD83,MD,23
USGS,3.93309E+14,393309077392201,WA Cj 126,SP,39.55259858,-77.65582448,NAD83,MD,43
USGS,3.9331E+14,393310077392201,WA Cj 127,SP,39.55287635,-77.65582448,NAD83,MD,43
USGS,3.93312E+14,393312076415501,BA Cc 242,SP,39.5534385,-76.69830629,NAD83,MD,5
USGS,3.93314E+14,393314077512501,WA Cg  14,SP,39.55398634,-77.8566626,NAD83,MD,43
USGS,3.93314E+14,393314077512801,WA Cg  15,SP,39.55398634,-77.857496,NAD83,MD,43
USGS,3.93315E+14,393315077443001,WA Ci  20,SP,39.55426456,-77.741382,NAD83,MD,43
USGS,3.93319E+14,393319079173501,GA Cc  17,SP,39.55536688,-79.2928153,NAD83,MD,23
USGS,3.93321E+14,393321077020301,CL Cd  94,SP,39.5559345,-77.03387069,NAD83,MD,13
USGS,3.93321E+14,393321077240501,FR Ce   2,SP,39.5559333,-77.4010968,NAD83,MD,21
USGS,3.93323E+14,393323077384901,WA Cj  31,SP,39.55648744,-77.6466576,NAD83,MD,43
USGS,3.93323E+14,393323079131101,GA Cd  36,SP,39.5564783,-79.2194794,NAD83,MD,23
USGS,3.93328E+14,393328079122801,GA Cd   1,SP,39.55786715,-79.2075345,NAD83,MD,23
USGS,3.93334E+14,393334077440801,WA Ci  83,SP,39.55954228,-77.7352708,NAD83,MD,43
USGS,3.93334E+14,393334079124601,GA Cd  37,SP,39.5595337,-79.2125346,NAD83,MD,23
USGS,3.93334E+14,393334079125301,GA Cd   7,SP,39.5595337,-79.2144791,NAD83,MD,23
USGS,3.93337E+14,393337077402201,WA Ci  11,SP,39.56037605,-77.6724916,NAD83,MD,43
USGS,3.93341E+14,393341077312501,FR Cc   9,SP,39.5614882,-77.5233215,NAD83,MD,21
USGS,3.93343E+14,393343077382101,WA Cj  10,SP,39.5620429,-77.6388797,NAD83,MD,43
USGS,3.93343E+14,393343079144301,GA Cd  40,SP,39.5620335,-79.2450357,NAD83,MD,23
USGS,3.93346E+14,393346077382801,WA Cj  11,SP,39.5628762,-77.6408242,NAD83,MD,43
USGS,3.93346E+14,393346077471201,WA Ch   8,SP,39.5628753,-77.78638318,NAD83,MD,43
USGS,3.9335E+14,393350078391601,AL Cf  52,SP,39.5634239,-78.6539047,NAD83,MD,1
USGS,3.93355E+14,393355078392301,AL Cf  46,SP,39.56536828,-78.656127,NAD83,MD,1
USGS,3.93359E+14,393359079122601,GA Cd  38,SP,39.5664778,-79.2069787,NAD83,MD,23
USGS,3.93401E+14,393401077364701,WA Cj  68,SP,39.56704298,-77.612768,NAD83,MD,43
USGS,3.93402E+14,393402079133501,GA Cd  43,SP,39.56731106,-79.226146,NAD83,MD,23
USGS,3.93403E+14,393403076414701,BA Cc 243,SP,39.56760506,-76.6960839,NAD83,MD,5
USGS,3.93416E+14,393416077492201,WA Ch 187,SP,39.57120835,-77.8224952,NAD83,MD,43
USGS,3.93424E+14,393424076435001,BA Cc 244,SP,39.57343819,-76.7302518,NAD83,MD,5
USGS,3.93426E+14,393426077452901,WA Ch   2,SP,39.57426406,-77.7588826,NAD83,MD,43
USGS,3.93427E+14,393427077453302,WA Ch 200,SP,39.57426406,-77.7588826,NAD83,MD,43
USGS,3.93428E+14,393428078435101,AL Ce   1,SP,39.57453396,-78.73029529,NAD83,MD,1
USGS,3.93432E+14,393432078591901,AL Cb  15,SP,39.5756448,-78.9883597,NAD83,MD,1
USGS,3.93436E+14,393436077351901,WA Cj   1,SP,39.5767651,-77.5883231,NAD83,MD,43
USGS,3.93436E+14,393436077352201,WA Cj   2,SP,39.5767651,-77.58915649,NAD83,MD,43
USGS,3.93436E+14,393436079041801,GA Cf   4,SP,39.5767556,-79.07141819,NAD83,MD,23
USGS,3.93438E+14,393438078420601,AL Ce   4,SP,39.57731198,-78.7014058,NAD83,MD,1
USGS,3.93442E+14,393442079165301,GA Cc  14,SP,39.57842126,-79.2811477,NAD83,MD,23
USGS,3.93444E+14,393444077391801,WA Cj   9,SP,39.57898684,-77.6547136,NAD83,MD,43
USGS,3.93444E+14,393444079141401,GA Cd  47,SP,39.57897707,-79.2369795,NAD83,MD,23
USGS,3.93445E+14,393445077381001,WA Cj 149,SP,39.57916667,-77.6361111,NAD83,MD,43
USGS,3.93446E+14,393446079130101,GA Cd  42,SP,39.57953268,-79.216701,NAD83,MD,23
USGS,3.93447E+14,393447079142301,GA Cd  48,SP,39.57981035,-79.2394796,NAD83,MD,23
USGS,3.93448E+14,393448077104701,CL Cb   3,SP,39.5803782,-77.1791494,NAD83,MD,13
USGS,3.93448E+14,393448077260202,FR Cd  16,SP,39.58009924,-77.4335977,NAD83,MD,21
USGS,3.93448E+14,393448077374501,WA Cj  23,SP,39.58009809,-77.6288796,NAD83,MD,43
USGS,3.9345E+14,393450077445401,WA Ci  81,SP,39.58065286,-77.748049,NAD83,MD,43
MD006,3.93451E+14,393451077375601,WA Cj 148,SP,39.5808333,-77.6322222,NAD83,MD,43
MD006,3.93451E+14,393451077380001,WA Cj 146,SP,39.5808333,-77.6333333,NAD83,MD,43
USGS,3.93451E+14,393451079140001,GA Cd  45,SP,39.5809214,-79.2330904,NAD83,MD,23
USGS,3.93451E+14,393451079140901,GA Cd  46,SP,39.5809214,-79.2355905,NAD83,MD,23
MD006,3.93452E+14,393452077380501,WA Cj 147,SP,39.5811111,-77.6347222,NAD83,MD,43
USGS,3.93455E+14,393455079124401,GA Cd  41,SP,39.58203257,-79.2119786,NAD83,MD,23
USGS,3.93457E+14,393457079135401,GA Cd  44,SP,39.582588,-79.2314237,NAD83,MD,23
USGS,3.93458E+14,393458079113401,GA Cd   8,SP,39.58286595,-79.1925334,NAD83,MD,23
USGS,3.93459E+14,393459076045001,CE Cc  40,SP,39.58316755,-76.08022759,NAD83,MD,15
USGS,3.93504E+14,393504079265801,GA Ba   9,SP,39.58453078,-79.4492089,NAD83,MD,23
USGS,3.93507E+14,393507079124201,GA Bd  83,SP,39.58536574,-79.2114229,NAD83,MD,23
USGS,3.93507E+14,393507079130001,GA Bd  68,SP,39.5853657,-79.2164231,NAD83,MD,23
USGS,3.93509E+14,393509079132601,GA Bd  70,SP,39.5859212,-79.2236456,NAD83,MD,23
USGS,3.93512E+14,393512077313201,FR Bc  79,SP,39.5867652,-77.52526628,NAD83,MD,21
USGS,3.93514E+14,393514077324801,FR Bc  74,SP,39.58732064,-77.5463779,NAD83,MD,21
USGS,3.93519E+14,393519079133201,GA Bd  85,SP,39.5886988,-79.2253122,NAD83,MD,23
USGS,3.9352E+14,393520077404701,WA Bi  40,SP,39.58898645,-77.6794364,NAD83,MD,43
USGS,3.93522E+14,393522077381901,WA Bj   4,SP,39.5895422,-77.6386022,NAD83,MD,43
USGS,3.93522E+14,393522077382301,WA Bj   8,SP,39.5895422,-77.6394355,NAD83,MD,43
USGS,3.93523E+14,393523077381901,WA Bj   5,SP,39.59037555,-77.6391577,NAD83,MD,43
USGS,3.93525E+14,393525078595801,GA Bg   5,SP,39.59036659,-78.99919329,NAD83,MD,23
USGS,3.93525E+14,393525078595802,GA Bg   4,SP,39.59036659,-78.99919329,NAD83,MD,23
USGS,3.93525E+14,393525079130701,GA Bd  38,SP,39.59036545,-79.2183675,NAD83,MD,23
USGS,3.93528E+14,393528079123501,GA Bd   5,SP,39.59119879,-79.20947829,NAD83,MD,23
USGS,3.93529E+14,393529077015501,CL Bd  86,SP,39.5914899,-77.0316485,NAD83,MD,13
USGS,3.93532E+14,393532077474201,WA Bh 115,SP,39.59231914,-77.7941613,NAD83,MD,43
USGS,3.93532E+14,393532079140101,GA Bd  86,SP,39.5923097,-79.23336798,NAD83,MD,23
USGS,3.93533E+14,393533077474101,WA Bh  25,SP,39.5925969,-77.794439,NAD83,MD,43
USGS,3.93533E+14,393533077474301,WA Bh 118,SP,39.59231914,-77.7947168,NAD83,MD,43
USGS,3.93534E+14,393534077474201,WA Bh 119,SP,39.59287469,-77.7947168,NAD83,MD,43
USGS,3.93534E+14,393534079131801,GA Bd  76,SP,39.5928653,-79.2214231,NAD83,MD,23
USGS,3.93534E+14,393534079235201,GA Bb   8,SP,39.592864,-79.39754028,NAD83,MD,23
USGS,3.93537E+14,393537076381601,BA Bd  25,SP,39.59371614,-76.6374704,NAD83,MD,5
USGS,3.93537E+14,393537077472701,WA Bh  26,SP,39.593708,-77.79055008,NAD83,MD,43
USGS,3.9354E+14,393540077470801,WA Bh  23,SP,39.59454135,-77.78527218,NAD83,MD,43
USGS,3.9354E+14,393540079124901,GA Bd  73,SP,39.5945319,-79.2133672,NAD83,MD,23
USGS,3.93541E+14,393541077033801,CL Bd  84,SP,39.59482308,-77.0602598,NAD83,MD,13
USGS,3.93541E+14,393541077470601,WA Bh 114,SP,39.5948191,-77.7847166,NAD83,MD,43
USGS,3.93541E+14,393541079131901,GA Bd  75,SP,39.59480965,-79.2217009,NAD83,MD,23
USGS,3.93543E+14,393543077353301,WA Bj 193,SP,39.5953757,-77.5922123,NAD83,MD,43
USGS,3.93544E+14,393544077353301,WA Bj 132,SP,39.59565347,-77.5922123,NAD83,MD,43
USGS,3.93546E+14,393546079125001,GA Bd  74,SP,39.5961985,-79.213645,NAD83,MD,23
USGS,3.93546E+14,393546079133101,GA Bd  39,SP,39.59619845,-79.2250343,NAD83,MD,23
USGS,3.93547E+14,393547077360201,WA Bj   6,SP,39.5964867,-77.600268,NAD83,MD,43
USGS,3.93548E+14,393548077485901,WA Bh  21,SP,39.5967634,-77.8161063,NAD83,MD,43
USGS,3.93548E+14,393548079132802,GA Bd  40,SP,39.59675398,-79.2242009,NAD83,MD,23
USGS,3.9355E+14,393550079124301,GA Bd  71,SP,39.59730958,-79.2117005,NAD83,MD,23
USGS,3.93552E+14,393552077481001,WA Bh 105,SP,39.59787456,-77.8024948,NAD83,MD,43
USGS,3.93552E+14,393552079242801,GA Bd  72,SP,39.5978651,-79.2114227,NAD83,MD,23
USGS,3.93556E+14,393556078401201,AL Be  29,SP,39.59897847,-78.6697386,NAD83,MD,1
USGS,3.93558E+14,393558079141601,GA Bd  77,SP,39.5995315,-79.2375346,NAD83,MD,23
USGS,3.93601E+14,393601076075401,HA Bf  18,SP,39.6003879,-76.1313406,NAD83,MD,25
USGS,3.93601E+14,393601077364601,WA Bj  35,SP,39.60037545,-77.6124906,NAD83,MD,43
USGS,3.93601E+14,393601077364701,WA Bj  37,SP,39.60037545,-77.6127684,NAD83,MD,43
USGS,3.93601E+14,393601077365301,WA Bj  38,SP,39.60037544,-77.614435,NAD83,MD,43
USGS,3.93602E+14,393602079270301,GA Ba   7,SP,39.60064096,-79.4505975,NAD83,MD,23
USGS,3.93604E+14,393604079122501,GA Bd  81,SP,39.6011983,-79.2067002,NAD83,MD,23
USGS,3.93604E+14,393604079123501,GA Bd  79,SP,39.60119828,-79.20947809,NAD83,MD,23
USGS,3.93605E+14,393605077365401,WA Bj   7,SP,39.60176429,-77.6149906,NAD83,MD,43
USGS,3.93606E+14,393606079125301,GA Bd  78,SP,39.60175378,-79.2144782,NAD83,MD,23
USGS,3.93607E+14,393607077365701,WA Bj  36,SP,39.60204206,-77.6155462,NAD83,MD,43
USGS,3.93607E+14,393607079152101,GA Bc  17,SP,39.60203128,-79.2555907,NAD83,MD,23
USGS,3.9361E+14,393610077452801,WA Bh  32,SP,39.6028746,-77.7574938,NAD83,MD,43
USGS,3.9361E+14,393610077475801,WA Bh  24,SP,39.60287447,-77.7991614,NAD83,MD,43
USGS,3.93613E+14,393613077452301,WA Bh  30,SP,39.6037079,-77.7561048,NAD83,MD,43
USGS,3.93613E+14,393613077452501,WA Bh  28,SP,39.6037079,-77.7566604,NAD83,MD,43
USGS,3.93613E+14,393613077452801,WA Bh  29,SP,39.6037079,-77.7574938,NAD83,MD,43
USGS,3.93613E+14,393613077452802,WA Bh  31,SP,39.6037079,-77.7574938,NAD83,MD,43
USGS,3.93615E+14,393615077491401,WA Bh  20,SP,39.60426327,-77.820273,NAD83,MD,43
USGS,3.93616E+14,393616079133601,GA Bd  82,SP,39.6045313,-79.226423,NAD83,MD,23
USGS,3.93616E+14,393616079274301,GA Ba   8,SP,39.6045295,-79.4617089,NAD83,MD,23
USGS,3.93617E+14,393617075380409,SCD-SW-11B,SP,39.6048472,-75.6343444,NAD83,MD,3
USGS,3.93617E+14,393617079133801,GA Bd  87,SP,39.6048091,-79.2269786,NAD83,MD,23
USGS,3.93618E+14,393618079133101,GA Bd  84,SP,39.60508687,-79.22503409,NAD83,MD,23
USGS,3.9362E+14,393620077253101,FR Bd  10,SP,39.60565418,-77.42498679,NAD83,MD,21
USGS,3.93623E+14,393623077260001,FR Bd  54,SP,39.6064874,-77.4330425,NAD83,MD,21
USGS,3.93634E+14,393634077235101,FR Be 117,SP,39.60954315,-77.3972085,NAD83,MD,21
USGS,3.93637E+14,393637077490201,WA Bh  18,SP,39.61037427,-77.81693969,NAD83,MD,43
USGS,3.93638E+14,393638079232301,GA Bb  13,SP,39.61064087,-79.389484,NAD83,MD,23
USGS,3.93639E+14,393639076480601,BA Bb 150,SP,39.61093705,-76.80136488,NAD83,MD,5
USGS,3.93639E+14,393639078002301,WA Be  30,SP,39.6109292,-78.006111,NAD83,MD,43
USGS,3.93643E+14,393643077490001,WA Bh  19,SP,39.6120409,-77.8163841,NAD83,MD,43
USGS,3.93646E+14,393646079093601,GA Be   5,SP,39.6128647,-79.159754,NAD83,MD,23
USGS,3.93647E+14,393647077515701,WA Bg 183,SP,39.61287408,-77.8652742,NAD83,MD,43
USGS,3.93648E+14,393648077500201,WA Bg 180,SP,39.6134297,-77.83360678,NAD83,MD,43
USGS,3.93654E+14,393654077224701,FR Be  60,SP,39.61509869,-77.3794305,NAD83,MD,21
USGS,3.93655E+14,393655077520301,WA Bg 179,SP,39.615374,-77.8669409,NAD83,MD,43
USGS,3.93657E+14,393657077364001,WA Bj  20,SP,39.6159306,-77.610824,NAD83,MD,43
USGS,3.93702E+14,393702079012401,GA Bf   7,SP,39.61731,-79.02308269,NAD83,MD,23
USGS,3.93704E+14,393704076072801,CE Bb  30,SP,39.61788768,-76.124118,NAD83,MD,15
USGS,3.93708E+14,393708076080001,CE Bb  16,SP,39.6189985,-76.1330072,NAD83,MD,15
USGS,3.93708E+14,393708076345501,BA Be  37,SP,39.61899388,-76.5816349,NAD83,MD,5
USGS,3.93712E+14,393712079281501,GA Ba   5,SP,39.6200841,-79.4705977,NAD83,MD,23
USGS,3.93714E+14,393714077560401,WA Bf  20,SP,39.6206515,-77.9341648,NAD83,MD,43
USGS,3.93718E+14,393718077545601,WA Bg 171,SP,39.62176266,-77.91527549,NAD83,MD,43
USGS,3.93719E+14,393719077545501,WA Bg 115,SP,39.6220404,-77.9149977,NAD83,MD,43
USGS,3.93719E+14,393719077585201,WA Bf  16,SP,39.62204024,-77.9808327,NAD83,MD,43
USGS,3.93722E+14,393722077484601,WA Bh  13,SP,39.62287404,-77.8124952,NAD83,MD,43
USGS,3.93722E+14,393722079145101,GA Bd   9,SP,39.62286355,-79.2472567,NAD83,MD,23
USGS,3.93724E+14,393724077481701,WA Bh  14,SP,39.6234296,-77.8044394,NAD83,MD,43
USGS,3.93725E+14,393725077522501,WA Bg 178,SP,39.62370718,-77.87333,NAD83,MD,43
USGS,3.93732E+14,393732077522201,WA Bg 177,SP,39.62565159,-77.87249668,NAD83,MD,43
USGS,3.93738E+14,393738077484201,WA Bh  16,SP,39.6273184,-77.811384,NAD83,MD,43
USGS,3.93739E+14,393739077425101,WA Bi  32,SP,39.6275965,-77.7138818,NAD83,MD,43
USGS,3.9374E+14,393740077425201,WA Bi  31,SP,39.62787428,-77.7141596,NAD83,MD,43
USGS,3.93741E+14,393741079074301,GA Be   3,SP,39.62814206,-79.1283638,NAD83,MD,23
USGS,3.93743E+14,393743077582101,WA Bf   6,SP,39.6287068,-77.9722214,NAD83,MD,43
USGS,3.93745E+14,393745077424501,WA Bi  38,SP,39.62926315,-77.7122151,NAD83,MD,43
USGS,3.93745E+14,393745077562201,WA Bf   3,SP,39.62926245,-77.939165,NAD83,MD,43
USGS,3.93748E+14,393748076395701,BA Bd 208,SP,39.6301045,-76.6655268,NAD83,MD,5
USGS,3.93754E+14,393754079071401,GA Be   2,SP,39.63175308,-79.1203079,NAD83,MD,23
USGS,3.93756E+14,393756079143001,GA Bd   7,SP,39.6323075,-79.2414229,NAD83,MD,23
USGS,3.93757E+14,393757076240101,HA Bc  30,SP,39.6326056,-76.3999616,NAD83,MD,25
USGS,3.938E+14,393800076240101,HA Bc  31,SP,39.63343896,-76.3999616,NAD83,MD,25
USGS,3.93801E+14,393801079025401,GA Bf   6,SP,39.6336981,-79.0480833,NAD83,MD,23
USGS,3.93802E+14,393802077435501,WA Bi  37,SP,39.63398518,-77.73166,NAD83,MD,43
USGS,3.93802E+14,393802077435801,WA Bi  33,SP,39.63398518,-77.7324933,NAD83,MD,43
USGS,3.93802E+14,393802079191501,GA Bc  40,SP,39.63397345,-79.3205922,NAD83,MD,23
USGS,3.93805E+14,393805077435401,WA Bi  34,SP,39.6348185,-77.7313822,NAD83,MD,43
USGS,3.93807E+14,393807077435301,WA Bi  35,SP,39.63537404,-77.7313822,NAD83,MD,43
USGS,3.93807E+14,393807077481001,WA Bh  15,SP,39.6353738,-77.802495,NAD83,MD,43
USGS,3.9381E+14,393810076531701,CL Bf 142,SP,39.6362135,-76.8877561,NAD83,MD,13
USGS,3.9381E+14,393810078374701,AL Bf  21,SP,39.63620019,-78.6294604,NAD83,MD,1
USGS,3.93811E+14,393811079060801,GA Be   8,SP,39.63647528,-79.1019739,NAD83,MD,23
USGS,3.93815E+14,393815077435301,WA Bi  36,SP,39.6375962,-77.7311044,NAD83,MD,43
USGS,3.93817E+14,393817079264401,GA Ba   4,SP,39.63813886,-79.4453186,NAD83,MD,23
USGS,3.93822E+14,393822077434801,WA Bi  42,SP,39.6395406,-77.7297155,NAD83,MD,43
USGS,3.93824E+14,393824077512201,WA Bg 184,SP,39.6400958,-77.8558297,NAD83,MD,43
USGS,3.93826E+14,393826077315701,WA Bk  29,SP,39.6406525,-77.5322116,NAD83,MD,43
USGS,3.93826E+14,393826078512501,AL Bc   8,SP,39.64064316,-78.8566881,NAD83,MD,1
USGS,3.93827E+14,393827079071301,GA Be   7,SP,39.64091936,-79.12003,NAD83,MD,23
USGS,3.93829E+14,393829077334201,WA Bk  41,SP,39.6414857,-77.5613788,NAD83,MD,43
USGS,3.93829E+14,393829079161501,GA Bc  19,SP,39.64147346,-79.2705904,NAD83,MD,23
USGS,3.93831E+14,393831077382101,WA Bj  72,SP,39.6420409,-77.63888039,NAD83,MD,43
USGS,3.93834E+14,393834076432901,BA Bc 266,SP,39.64288196,-76.7244178,NAD83,MD,5
USGS,3.93835E+14,393835077225301,FR Be   4,SP,39.64315358,-77.3810976,NAD83,MD,21
USGS,3.93835E+14,393835077225302,FR Be   5,SP,39.64315358,-77.3810976,NAD83,MD,21
USGS,3.93837E+14,393837077335601,WA Bk   4,SP,39.64370785,-77.5652678,NAD83,MD,43
USGS,3.93838E+14,393838076553801,CL Be 100,SP,39.64399079,-76.9269239,NAD83,MD,13
USGS,3.9384E+14,393840076432101,BA Bc 265,SP,39.6445486,-76.7221955,NAD83,MD,5
USGS,3.93841E+14,393841076430901,BA Bc 264,SP,39.6448264,-76.718862,NAD83,MD,5
USGS,3.93848E+14,393848078000801,WA Be  31,SP,39.64676195,-78.0019445,NAD83,MD,43
USGS,3.93848E+14,393848078000802,WA Be  32,SP,39.64676195,-78.0019445,NAD83,MD,43
USGS,3.93849E+14,393849077292201,FR Bd 110,SP,39.6470414,-77.4891552,NAD83,MD,21
USGS,3.9385E+14,393850076391501,BA Bd 206,SP,39.6473266,-76.6538597,NAD83,MD,5
USGS,3.9385E+14,393850076430101,BA Bc 263,SP,39.64732639,-76.7166397,NAD83,MD,5
USGS,3.9385E+14,393850076592401,CL Be 105,SP,39.64732334,-76.9897036,NAD83,MD,13
USGS,3.9385E+14,393850077292001,FR Bd 115,SP,39.6473192,-77.48859968,NAD83,MD,21
USGS,3.9385E+14,393850077292301,FR Bd 108,SP,39.6473192,-77.489433,NAD83,MD,21
USGS,3.93853E+14,393853077284801,FR Bd 107,SP,39.64815259,-77.4797106,NAD83,MD,21
USGS,3.93859E+14,393859076244001,HA Bc  29,SP,39.64982758,-76.41079529,NAD83,MD,25
USGS,3.93859E+14,393859077292301,FR Bd  39,SP,39.6498191,-77.489433,NAD83,MD,21
USGS,3.93902E+14,393902076423801,BA Bc 262,SP,39.6506597,-76.71025058,NAD83,MD,5
USGS,3.93902E+14,393902078293001,AL Bh   8,SP,39.65064549,-78.4914027,NAD83,MD,1
USGS,3.93903E+14,393903077535701,WA Bg 185,SP,39.6509288,-77.8988864,NAD83,MD,43
USGS,3.93905E+14,393905077582401,WA Bf   7,SP,39.65148418,-77.9730549,NAD83,MD,43
USGS,3.93907E+14,393907077395301,WA Bj  85,SP,39.6520406,-77.6644365,NAD83,MD,43
USGS,3.93907E+14,393907079180201,GA Bc  24,SP,39.65202818,-79.3003134,NAD83,MD,23
USGS,3.93912E+14,393912078162401,WA Bb  12,SP,39.6534254,-78.273065,NAD83,MD,43
USGS,3.93915E+14,393915077283801,FR Bd 106,SP,39.65426355,-77.47693289,NAD83,MD,21
USGS,3.93915E+14,393915079111101,GA Bd  88,SP,39.6542514,-79.1861429,NAD83,MD,23
USGS,3.93915E+14,393915079194701,GA Bc  21,SP,39.65425,-79.329481,NAD83,MD,23
USGS,3.93918E+14,393918075523201,CE Be  79,SP,39.65511176,-75.87521839,NAD83,MD,15
USGS,3.93918E+14,393918077332201,WA Bk   3,SP,39.65509646,-77.5558233,NAD83,MD,43
USGS,3.93919E+14,393919076375901,BA Bd 207,SP,39.65538218,-76.6327478,NAD83,MD,5
USGS,3.93919E+14,393919077554901,WA Bf  24,SP,39.6553731,-77.9299983,NAD83,MD,43
USGS,3.93919E+14,393919077575801,WA Bf   8,SP,39.655373,-77.96583248,NAD83,MD,43
USGS,3.9392E+14,393920077284101,FR Bd   4,SP,39.65565239,-77.4777663,NAD83,MD,21
USGS,3.93921E+14,393921078460701,AL Bd  34,SP,39.65592085,-78.768352,NAD83,MD,1
USGS,3.93921E+14,393921079051201,GA Be   6,SP,39.65591909,-79.0864176,NAD83,MD,23
USGS,3.93921E+14,393921079175201,GA Bc   2,SP,39.65591688,-79.2975354,NAD83,MD,23
USGS,3.93923E+14,393923077284301,FR Bd   3,SP,39.6564857,-77.4783218,NAD83,MD,21
USGS,3.93924E+14,393924079262001,GA Ba   2,SP,39.65674897,-79.43865129,NAD83,MD,23
USGS,3.93928E+14,393928077311601,WA Bk  28,SP,39.65787427,-77.5208227,NAD83,MD,43
USGS,3.93928E+14,393928077572201,WA Bf   2,SP,39.657873,-77.9558322,NAD83,MD,43
USGS,3.9393E+14,393930079132801,GA Bd  42,SP,39.65841744,-79.2241996,NAD83,MD,23
USGS,3.93932E+14,393932079115101,GA Bd   4,SP,39.65897327,-79.1972543,NAD83,MD,23
USGS,3.93933E+14,393933077324801,WA Bk  17,SP,39.659263,-77.5463787,NAD83,MD,43
USGS,3.93934E+14,393934079221201,GA Bb   3,SP,39.65952718,-79.36976,NAD83,MD,23
USGS,3.93936E+14,393936077542101,WA Bg  87,SP,39.6600953,-77.9055532,NAD83,MD,43
USGS,3.93938E+14,393938076533501,CL Bf 183,SP,39.66315778,-76.8908117,NAD83,MD,13
USGS,3.93938E+14,393938077293401,FR Bd  72,SP,39.6606521,-77.4924888,NAD83,MD,21
USGS,3.93939E+14,393939077293801,FR Bd  73,SP,39.66092986,-77.4936,NAD83,MD,21
USGS,3.9394E+14,393940078371001,AL Bf   1,SP,39.66119967,-78.6191827,NAD83,MD,1
USGS,3.93941E+14,393941076533301,CL Bf 187,SP,39.6614911,-76.8922006,NAD83,MD,13
USGS,3.93948E+14,393948078253701,AL Bh  10,SP,39.66342358,-78.4266794,NAD83,MD,1
USGS,3.93948E+14,393948079173501,GA Bc  23,SP,39.6634165,-79.2928129,NAD83,MD,23
USGS,3.9395E+14,393950079000201,GA Bf   1,SP,39.66397534,-79.0003037,NAD83,MD,23
USGS,3.93951E+14,393951079131301,GA Bd   6,SP,39.6642505,-79.2200327,NAD83,MD,23
USGS,3.93952E+14,393952077353201,WA Bj   2,SP,39.6648183,-77.5916575,NAD83,MD,43
USGS,3.93956E+14,393956077270201,FR Bd  26,SP,39.66565237,-77.4502659,NAD83,MD,21
USGS,3.93956E+14,393956078295901,AL Bh   3,SP,39.665645,-78.4994587,NAD83,MD,1
USGS,3.93957E+14,393957077323101,WA Bk   7,SP,39.6659295,-77.5416565,NAD83,MD,43
USGS,3.93958E+14,393958077532001,WA Bg  13,SP,39.66620634,-77.8886084,NAD83,MD,43
USGS,3.94E+14,394000079125701,GA Ad  11,SP,39.66675045,-79.215588,NAD83,MD,23
USGS,3.94001E+14,394001077220101,FR Ae   2,SP,39.66704206,-77.3666532,NAD83,MD,21
USGS,3.94001E+14,394001078594601,GA Ag  13,SP,39.6670308,-78.995859,NAD83,MD,23
USGS,3.94003E+14,394003077423801,WA Ai  20,SP,39.66759565,-77.7102709,NAD83,MD,43
USGS,3.94004E+14,394004077284001,FR Ad   1,SP,39.66787426,-77.4774886,NAD83,MD,21
USGS,3.94007E+14,394007077211101,FR Ae  25,SP,39.6687088,-77.352764,NAD83,MD,21
USGS,3.94009E+14,394009077432701,WA Ai  12,SP,39.66926224,-77.7238822,NAD83,MD,43
USGS,3.9401E+14,394010078150701,WA Ab  40,SP,39.6695363,-78.2516759,NAD83,MD,43
USGS,3.94013E+14,394013077232201,FR Ae  19,SP,39.67037509,-77.3891537,NAD83,MD,21
USGS,3.94014E+14,394014076412601,BA Ac 140,SP,39.67065958,-76.6902497,NAD83,MD,5
USGS,3.94014E+14,394014078362101,AL Af  21,SP,39.670644,-78.60557148,NAD83,MD,1
USGS,3.94016E+14,394016079090001,GA Ae  20,SP,39.67119548,-79.1497526,NAD83,MD,23
USGS,3.94016E+14,394016079215301,GA Ab   8,SP,39.6711932,-79.3644818,NAD83,MD,23
USGS,3.94017E+14,394017079173201,GA Ac   4,SP,39.6714716,-79.2919793,NAD83,MD,23
USGS,3.94018E+14,394018078562001,AL Ab   3,SP,39.6717531,-78.938635,NAD83,MD,1
USGS,3.94019E+14,394019078580801,GA Ag  10,SP,39.67203078,-78.9686359,NAD83,MD,23
USGS,3.94019E+14,394019079093601,GA Ae  21,SP,39.67202865,-79.1597529,NAD83,MD,23
USGS,3.9402E+14,394020077465901,WA Ah  66,SP,39.67231758,-77.7827725,NAD83,MD,43
USGS,3.94023E+14,394023076401001,BA Ac 152,SP,39.6731596,-76.6691379,NAD83,MD,5
USGS,3.94023E+14,394023077324201,WA Ak  45,SP,39.6731515,-77.5447122,NAD83,MD,43
USGS,3.94023E+14,394023077470501,WA Ah  67,SP,39.6731509,-77.7844392,NAD83,MD,43
USGS,3.94023E+14,394023078381901,AL Af  18,SP,39.67314367,-78.6383498,NAD83,MD,1
USGS,3.94024E+14,394024076413401,BA Ac 141,SP,39.6734373,-76.692472,NAD83,MD,5
USGS,3.94024E+14,394024077465401,WA Ah  65,SP,39.67342868,-77.7813835,NAD83,MD,43
USGS,3.94025E+14,394025076404601,BA Ac 148,SP,39.67371515,-76.6791382,NAD83,MD,5
USGS,3.94026E+14,394026076401601,BA Ac 150,SP,39.67399295,-76.67080459,NAD83,MD,5
USGS,3.94026E+14,394026077473301,WA Ah  10,SP,39.6739842,-77.7922171,NAD83,MD,43
USGS,3.94027E+14,394027077473301,WA Ah   9,SP,39.67426197,-77.7922171,NAD83,MD,43
USGS,3.94027E+14,394027078584501,GA Ag  11,SP,39.67425289,-78.978914,NAD83,MD,23
USGS,3.94028E+14,394028078010701,WA Ae   1,SP,39.674539,-78.0183341,NAD83,MD,43
USGS,3.9403E+14,394030078585201,GA Ag  12,SP,39.67508619,-78.9808585,NAD83,MD,23
USGS,3.94032E+14,394032076412901,BA Ac 142,SP,39.6756595,-76.69108308,NAD83,MD,5
USGS,3.94032E+14,394032078015501,WA Ae  20,SP,39.67564996,-78.031668,NAD83,MD,43
USGS,3.94034E+14,394034076392001,BA Ad 139,SP,39.6762152,-76.6552485,NAD83,MD,5
USGS,3.94034E+14,394034077452601,WA Ah  75,SP,39.67620645,-77.7569385,NAD83,MD,43
USGS,3.94035E+14,394035077215801,FR Ae  36,SP,39.6764863,-77.36581998,NAD83,MD,21
USGS,3.94035E+14,394035079003901,GA Af   6,SP,39.6764748,-79.0105816,NAD83,MD,23
USGS,3.94036E+14,394036078481401,AL Ad  33,SP,39.67675357,-78.8036308,NAD83,MD,1
USGS,3.94037E+14,394037078415301,AL Ae   8,SP,39.67703199,-78.6977951,NAD83,MD,1
USGS,3.94038E+14,394038079002601,GA Af   5,SP,39.67730816,-79.0069704,NAD83,MD,23
USGS,3.94039E+14,394039077561001,WA Af   6,SP,39.6775949,-77.9358319,NAD83,MD,43
USGS,3.9404E+14,394040077341901,WA Ak   3,SP,39.67787355,-77.5716572,NAD83,MD,43
USGS,3.9404E+14,394040077551301,WA Af  17,SP,39.6778727,-77.9199981,NAD83,MD,43
USGS,3.94042E+14,394042076410001,BA Ac 147,SP,39.6784373,-76.6830272,NAD83,MD,5
USGS,3.94042E+14,394042077405801,WA Ai  49,SP,39.6784288,-77.6824926,NAD83,MD,43
USGS,3.94043E+14,394043077280801,FR Ad  36,SP,39.67870738,-77.4685997,NAD83,MD,21
USGS,3.94044E+14,394044075523701,CE Ae  34,SP,39.67900025,-75.87660739,NAD83,MD,15
USGS,3.94045E+14,394045076411601,BA Ac 149,SP,39.6792706,-76.6874718,NAD83,MD,5
USGS,3.94045E+14,394045077290401,FR Ad  44,SP,39.67926275,-77.48415559,NAD83,MD,21
USGS,3.94045E+14,394045079171001,GA Ac   9,SP,39.679249,-79.2858678,NAD83,MD,23
USGS,3.94048E+14,394048079163601,GA Ac   8,SP,39.6800824,-79.276423,NAD83,MD,23
USGS,3.94049E+14,394049077343401,WA Ak  27,SP,39.68037347,-77.57582399,NAD83,MD,43
USGS,3.94049E+14,394049079150601,GA Ac  30,SP,39.68036039,-79.25142218,NAD83,MD,23
USGS,3.94051E+14,394051077242201,FR Ae  18,SP,39.6809302,-77.4058208,NAD83,MD,21
USGS,3.94055E+14,394055077212301,FR Ae  30,SP,39.6820418,-77.3560977,NAD83,MD,21
USGS,3.94057E+14,394057077342501,WA Ak   4,SP,39.68259564,-77.573324,NAD83,MD,43
USGS,3.94057E+14,394057077500901,WA Ag   1,SP,39.68259504,-77.8355516,NAD83,MD,43
USGS,3.94058E+14,394058077561501,WA Af   7,SP,39.68287259,-77.9372208,NAD83,MD,43
USGS,3.941E+14,394100078174401,WA Ab  17,SP,39.68342438,-78.2952882,NAD83,MD,43
USGS,3.941E+14,394100079183601,GA Ac  34,SP,39.6832111,-79.3100806,NAD83,MD,23
USGS,3.94101E+14,394101077450901,WA Ah  50,SP,39.6837063,-77.75221619,NAD83,MD,43
USGS,3.94102E+14,394102079265601,GA Aa   5,SP,39.68396955,-79.44865098,NAD83,MD,23
USGS,3.94103E+14,394103076113701,CE Aa  11,SP,39.6842734,-76.1932872,NAD83,MD,15
USGS,3.94104E+14,394104079234301,GA Ab   7,SP,39.68452555,-79.395038,NAD83,MD,23
USGS,3.94105E+14,394105077450701,WA Ah  51,SP,39.6848174,-77.7516606,NAD83,MD,43
USGS,3.94106E+14,394106077495701,WA Ah  11,SP,39.685095,-77.8322182,NAD83,MD,43
USGS,3.94107E+14,394107077582501,WA Af  21,SP,39.68537247,-77.9733328,NAD83,MD,43
USGS,3.94108E+14,394108076395601,BA Ad 141,SP,39.6856595,-76.6652488,NAD83,MD,5
USGS,3.94109E+14,394109077573201,WA Af  15,SP,39.68592804,-77.9586103,NAD83,MD,43
USGS,3.94109E+14,394109078341201,AL Ag  35,SP,39.68592168,-78.5697378,NAD83,MD,1
USGS,3.94109E+14,394109078341202,AL Ag  36,SP,39.68592168,-78.5697378,NAD83,MD,1
USGS,3.94109E+14,394109078351701,AL Af  23,SP,39.68592154,-78.5877936,NAD83,MD,1
USGS,3.9411E+14,394110078341301,AL Ag  37,SP,39.68619945,-78.5702934,NAD83,MD,1
USGS,3.94112E+14,394112078132201,WA Ac  22,SP,39.6867584,-78.22250848,NAD83,MD,43
USGS,3.94114E+14,394114077303801,WA Ak   6,SP,39.68731787,-77.5102673,NAD83,MD,43
USGS,3.94115E+14,394115076534601,CL Af  84,SP,39.687602,-76.89581178,NAD83,MD,13
USGS,3.94115E+14,394115079231901,GA Ab   6,SP,39.687581,-79.38837108,NAD83,MD,23
USGS,3.94116E+14,394116077572601,WA Af  22,SP,39.68787246,-77.9569436,NAD83,MD,43
USGS,3.94116E+14,394116078343501,AL Ag  16,SP,39.687866,-78.5761268,NAD83,MD,1
USGS,3.94117E+14,394117078343101,AL Ag  15,SP,39.6881438,-78.5764046,NAD83,MD,1
USGS,3.94118E+14,394118079174801,GA Ac  17,SP,39.6884151,-79.2964235,NAD83,MD,23
USGS,3.94119E+14,394119078343101,AL Ag  14,SP,39.68869935,-78.5750157,NAD83,MD,1
USGS,3.94119E+14,394119078391501,AL Af  10,SP,39.6886987,-78.6539057,NAD83,MD,1
USGS,3.94121E+14,394121077335101,WA Ak   5,SP,39.68926214,-77.5638794,NAD83,MD,43
USGS,3.94121E+14,394121078133201,WA Ac  21,SP,39.6892583,-78.2252864,NAD83,MD,43
USGS,3.94122E+14,394122077494201,WA Ah 149,SP,39.68953937,-77.8280514,NAD83,MD,43
USGS,3.94123E+14,394123077315201,WA Ak  46,SP,39.68981775,-77.5308233,NAD83,MD,43
USGS,3.94124E+14,394124078390101,AL Af   9,SP,39.6900876,-78.6500167,NAD83,MD,1
USGS,3.94125E+14,394125078010801,WA Ae  30,SP,39.69037208,-78.018612,NAD83,MD,43
USGS,3.94127E+14,394127077303301,WA Ak   7,SP,39.69092888,-77.5088784,NAD83,MD,43
USGS,3.94127E+14,394127077565101,WA Af  23,SP,39.69092798,-77.9472211,NAD83,MD,43
USGS,3.94132E+14,394132077321101,WA Ak  47,SP,39.69231767,-77.5361012,NAD83,MD,43
USGS,3.94133E+14,394133079051401,GA Ae  22,SP,39.6925843,-79.0869726,NAD83,MD,23
USGS,3.94133E+14,394133079183501,GA Ac  16,SP,39.6925814,-79.3094794,NAD83,MD,23
USGS,3.94136E+14,394136077563601,WA Af  14,SP,39.69342794,-77.9430544,NAD83,MD,43
USGS,3.94137E+14,394137078013301,WA Ae  28,SP,39.69370526,-78.0255567,NAD83,MD,43
USGS,3.94138E+14,394138078014801,WA Ae  27,SP,39.69398298,-78.0297236,NAD83,MD,43
USGS,3.94138E+14,394138078534101,AL Ac  18,SP,39.6939749,-78.8944669,NAD83,MD,1
USGS,3.94141E+14,394141076413501,BA Ac 143,SP,39.69482599,-76.69274969,NAD83,MD,5
USGS,3.94142E+14,394142076161101,HA Ad  14,SP,39.69510527,-76.2694013,NAD83,MD,25
USGS,3.94144E+14,394144076331001,HA Aa  26,SP,39.6956598,-76.552467,NAD83,MD,25
USGS,3.94144E+14,394144077462101,WA Ah  33,SP,39.69565047,-77.7722167,NAD83,MD,43
USGS,3.94145E+14,394145076325701,HA Aa  25,SP,39.6959376,-76.5488558,NAD83,MD,25
USGS,3.94145E+14,394145077273001,FR Ae  39,SP,39.6959292,-77.4580442,NAD83,MD,21
USGS,3.94146E+14,394146078532001,AL Ac  19,SP,39.6961971,-78.8886333,NAD83,MD,1
USGS,3.94146E+14,394146078584101,GA Ag  25,SP,39.69619666,-78.9778027,NAD83,MD,23
USGS,3.94147E+14,394147077462001,WA Ah  76,SP,39.69648379,-77.771939,NAD83,MD,43
USGS,3.94147E+14,394147078571401,GA Ag  17,SP,39.69647455,-78.9536353,NAD83,MD,23
USGS,3.9415E+14,394150077224901,FR Ae  15,SP,39.697319,-77.3799872,NAD83,MD,21
USGS,3.9415E+14,394150077461401,WA Ah  32,SP,39.6973171,-77.7702723,NAD83,MD,43
USGS,3.9415E+14,394150079035701,GA Af  12,SP,39.69730665,-79.065583,NAD83,MD,23
USGS,3.94151E+14,394151078125401,WA Ac  20,SP,39.6975916,-78.21473058,NAD83,MD,43
USGS,3.94152E+14,394152076330501,HA Aa  24,SP,39.697882,-76.551078,NAD83,MD,25
USGS,3.94153E+14,394153076325701,HA Aa   9,SP,39.6981598,-76.547189,NAD83,MD,25
USGS,3.94156E+14,394156078363501,AL Af  24,SP,39.6989766,-78.6094607,NAD83,MD,1
USGS,3.94201E+14,394201076433801,BA Ac 138,SP,39.70038137,-76.7269175,NAD83,MD,5
USGS,3.94201E+14,394201078385401,AL Af  15,SP,39.70036517,-78.6480723,NAD83,MD,1
USGS,3.94202E+14,394202077282601,FR Ad  11,SP,39.7006511,-77.4736001,NAD83,MD,21
USGS,3.94202E+14,394202078124801,WA Ac  23,SP,39.7006471,-78.2130639,NAD83,MD,43
USGS,3.94203E+14,394203078181101,WA Ab  14,SP,39.7009238,-78.3027886,NAD83,MD,43
USGS,3.94204E+14,394204076434901,BA Ac 139,SP,39.70121468,-76.7299732,NAD83,MD,5
USGS,3.94204E+14,394204077422301,WA Ai  94,SP,39.701206,-77.7061043,NAD83,MD,43
USGS,3.94204E+14,394204077422401,WA Ai  10,SP,39.701206,-77.70638209,NAD83,MD,43
USGS,3.94204E+14,394204079182901,GA Ac  15,SP,39.70119208,-79.3078125,NAD83,MD,23
USGS,3.94206E+14,394206078530901,AL Ac  17,SP,39.7017525,-78.8855777,NAD83,MD,1
USGS,3.94208E+14,394208078340701,AL Ag  26,SP,39.70231016,-78.5683491,NAD83,MD,1
USGS,3.9421E+14,394210079115301,GA Ad   2,SP,39.70285998,-79.197809,NAD83,MD,23
USGS,3.94217E+14,394217079121801,GA Ad  17,SP,39.7048042,-79.2047536,NAD83,MD,23
USGS,3.94219E+14,394219077330101,WA Ak  26,SP,39.7053728,-77.5499905,NAD83,MD,43
USGS,3.9422E+14,394220077325501,WA Ak  25,SP,39.7056506,-77.54832378,NAD83,MD,43
USGS,3.9422E+14,394220079121201,GA Ad   3,SP,39.7056375,-79.2030869,NAD83,MD,23
USGS,3.94223E+14,394223077333201,WA Ak  24,SP,39.7064839,-77.5586017,NAD83,MD,43
USGS,3.94223E+14,394223078182101,WA Ab   3,SP,39.7064792,-78.3055665,NAD83,MD,43
USGS,3.94224E+14,394224077513001,WA Ag  29,SP,39.7067612,-77.85805229,NAD83,MD,43
USGS,3.94224E+14,394224078192801,WA Ab   1,SP,39.7067568,-78.324178,NAD83,MD,43
USGS,3.94225E+14,394225079122001,GA Ad  13,SP,39.7070263,-79.2053091,NAD83,MD,23
USGS,3.94226E+14,394226077512201,WA Ag  30,SP,39.70731674,-77.85583,NAD83,MD,43
USGS,3.94226E+14,394226077564201,WA Af  10,SP,39.70731657,-77.9447211,NAD83,MD,43
USGS,3.94227E+14,394227077515401,WA Ag   2,SP,39.7075945,-77.8647191,NAD83,MD,43
USGS,3.94227E+14,394227077531701,WA Ag  23,SP,39.70759446,-77.8877753,NAD83,MD,43
USGS,3.94227E+14,394227078113901,WA Ac  13,SP,39.7075916,-78.1938966,NAD83,MD,43
USGS,3.94227E+14,394227078525301,AL Ac  31,SP,39.7075857,-78.881133,NAD83,MD,1
USGS,3.94227E+14,394227078525302,AL Ac  32,SP,39.7075857,-78.881133,NAD83,MD,1
USGS,3.94228E+14,394228077470001,WA Ah  62,SP,39.7078724,-77.7830504,NAD83,MD,43
USGS,3.94228E+14,394228077515301,WA Ag 125,SP,39.70787227,-77.8644413,NAD83,MD,43
USGS,3.94228E+14,394228077535901,WA Ag  12,SP,39.7078722,-77.8994422,NAD83,MD,43
USGS,3.9423E+14,394230079210401,GA Ab   3,SP,39.7084135,-79.3508693,NAD83,MD,23
USGS,3.94231E+14,394231077510401,WA Ag  31,SP,39.7087056,-77.85082989,NAD83,MD,43
USGS,3.94232E+14,394232077542201,WA Ag  17,SP,39.70898328,-77.90583128,NAD83,MD,43
USGS,3.94233E+14,394233077562701,WA Af  11,SP,39.70926099,-77.94055438,NAD83,MD,43
USGS,3.94234E+14,394234079054301,GA Ae  27,SP,39.70952794,-79.0950281,NAD83,MD,23
USGS,3.94236E+14,394236076404001,BA Ac 146,SP,39.71010366,-76.6774713,NAD83,MD,5
USGS,3.94237E+14,394237078163501,WA Ab  30,SP,39.7103683,-78.2761216,NAD83,MD,43
USGS,3.94239E+14,394239079121201,GA Ad  14,SP,39.71091505,-79.2030868,NAD83,MD,23
USGS,3.94241E+14,394241075582001,CE Ad  50,SP,39.7114992,-75.9718894,NAD83,MD,15
USGS,3.94242E+14,394242077532201,WA Ag  24,SP,39.71176104,-77.8891642,NAD83,MD,43
USGS,3.94243E+14,394243079262101,GA Aa   3,SP,39.7120236,-79.4389278,NAD83,MD,23
USGS,3.94244E+14,394244077464901,WA Ah  64,SP,39.71231679,-77.77999479,NAD83,MD,43
USGS,3.94245E+14,394245078161101,WA Ab  34,SP,39.7125905,-78.26945479,NAD83,MD,43
USGS,3.94247E+14,394247078121701,WA Ac  10,SP,39.7131469,-78.2044527,NAD83,MD,43
USGS,3.94248E+14,394248078115201,WA Ac  11,SP,39.71342477,-78.1975079,NAD83,MD,43
USGS,3.9425E+14,394250077404401,WA Ai  46,SP,39.71398356,-77.6786039,NAD83,MD,43
USGS,3.94252E+14,394252078564401,GA Ag  15,SP,39.7145296,-78.9453015,NAD83,MD,23
USGS,3.94253E+14,394253077304101,WA Ak  32,SP,39.71481705,-77.511101,NAD83,MD,43
USGS,3.94253E+14,394253077405001,WA Ai  44,SP,39.71481687,-77.6802706,NAD83,MD,43
USGS,3.94253E+14,394253078523701,AL Ac  34,SP,39.71480779,-78.8766885,NAD83,MD,1
USGS,3.94254E+14,394254078175201,WA Ab   7,SP,39.71509018,-78.297511,NAD83,MD,43
USGS,3.94254E+14,394254078563901,GA Ag  14,SP,39.71508516,-78.9439126,NAD83,MD,23
USGS,3.94254E+14,394254079170901,GA Ac  14,SP,39.7150804,-79.2855892,NAD83,MD,23
USGS,3.94255E+14,394255077404701,WA Ai  45,SP,39.7153724,-77.6794373,NAD83,MD,43
USGS,3.94256E+14,394256078005301,WA Ae  29,SP,39.71564945,-78.0144454,NAD83,MD,43
USGS,3.94256E+14,394256079091201,GA Ae   6,SP,39.71563786,-79.1530853,NAD83,MD,23
USGS,3.94257E+14,394257076064301,CE Ab  23,SP,39.7159411,-76.1116173,NAD83,MD,15
USGS,3.94259E+14,394259076413901,BA Ac 145,SP,39.7164924,-76.6938607,NAD83,MD,5
USGS,3.94303E+14,394303077422701,WA Ai  50,SP,39.71759456,-77.7072155,NAD83,MD,43
USGS,3.94303E+14,394303077423101,WA Ai  95,SP,39.71759456,-77.7083267,NAD83,MD,43
USGS,3.94303E+14,394303079264401,GA Aa   2,SP,39.71757878,-79.4453167,NAD83,MD,23
USGS,3.94304E+14,394304077423301,WA Ai  96,SP,39.7178723,-77.7088822,NAD83,MD,43
USGS,3.94305E+14,394305077561401,WA Af  13,SP,39.7181497,-77.9369432,NAD83,MD,43
USGS,3.94305E+14,394305078115401,WA Ac  12,SP,39.71814686,-78.19806359,NAD83,MD,43
USGS,3.94306E+14,394306076380801,BA Ad 140,SP,39.71843706,-76.6352476,NAD83,MD,5
USGS,3.94306E+14,394306078404701,AL Ae  34,SP,39.71842008,-78.6794617,NAD83,MD,1
USGS,3.94306E+14,394306078540901,AL Ac  38,SP,39.71841865,-78.9022447,NAD83,MD,1
USGS,3.94307E+14,394307076510201,CL Af   8,SP,39.7187134,-76.85025469,NAD83,MD,13
USGS,3.9431E+14,394310078124301,WA Ac  47,SP,39.7195355,-78.2116752,NAD83,MD,43
USGS,3.9431E+14,394310078124701,WA Ac   8,SP,39.7195355,-78.2127864,NAD83,MD,43
USGS,3.94311E+14,394311078403001,AL Ae  35,SP,39.7192534,-78.675295,NAD83,MD,1
USGS,3.94312E+14,394312076413901,BA Ac 144,SP,39.7201035,-76.6938607,NAD83,MD,5
USGS,3.94315E+14,394315078052501,WA Ad  28,SP,39.72092608,-78.09000389,NAD83,MD,43
USGS,3.94317E+14,394317078161201,WA Ab  41,SP,39.72147919,-78.2697327,NAD83,MD,43
USGS,3.94318E+14,394318078531201,AL Ac  36,SP,39.72175199,-78.8864109,NAD83,MD,1
