site_number,nitrate,GPM,state
1569460,,13150.719,PA
394321077062901,,,PA
394342077395001,,,PA
394346077321301,,,PA
394351076031701,,,PA
394422076574801,,,PA
394439076022701,,,PA
394441076570501,,,PA
394450077240901,,,PA
394504077232601,,,PA
394511077240801,,,PA
394516076033501,,,PA
394616076560801,,,PA
394616077041301,,,PA
394619077034401,,,PA
394620076401001,,,PA
394621076400901,,,PA
394637078540101,,,PA
394639078535501,,,PA
394725077342101,,,PA
394732078530901,,,PA
394758077413301,,,PA
394803078530101,,,PA
394921078514301,,,PA
394929077341401,,,PA
394931078563501,,,PA
394943075590001,,,PA
395007075593501,,,PA
395008077423501,,,PA
395011077314301,,,PA
395014075530201,7.1,,PA
395014077553801,,,PA
395015077315501,,,PA
395015078530601,,,PA
395021077513201,8.1,,PA
395036078020501,,,PA
395038078392801,,,PA
395043078525201,,,PA
395053078565401,,,PA
395054078564801,,,PA
395107078551001,,,PA
395108078550801,,,PA
395125077240101,,,PA
395131075590701,,,PA
395155077005501,,,PA
395200077564501,,,PA
395222077560501,,,PA
395226076205001,,,PA
395233075585601,,,PA
395304076204901,,,PA
395312078301301,,,PA
395316078301801,,,PA
395328077231601,,,PA
395412077360201,,1660.671,PA
395414076425301,,,PA
395415077513301,,,PA
395417077355801,,,PA
395420077284001,,,PA
395422076171501,,,PA
395428078473301,,,PA
395434077541601,,,PA
395436075565101,,,PA
395451078493701,,,PA
395456078493501,,,PA
395504076094301,,,PA
395514078302201,,,PA
395517078460401,,,PA
395517078460601,,,PA
395520078521801,,,PA
395521077275001,,,PA
395524078483001,,,PA
395534075563001,,,PA
395536075571201,,,PA
395537076174901,,,PA
395636076592901,,,PA
395702076155701,,,PA
395750078362901,,,PA
395848076154901,,,PA
395857078305401,,,PA
395903076144801,,,PA
395920077403901,,,PA
395925076153801,9.67,,PA
395933078303701,,,PA
395936075593001,,,PA
395943076145401,,,PA
395944077054001,,,PA
395945075593601,,,PA
395945076151501,12,,PA
395946078302401,,,PA
395948078303201,,,PA
395953076155401,12,,PA
395953076155526,12,,PA
400029075571601,,,PA
400106078472101,,,PA
400128078444201,,,PA
400129076090001,,,PA
400130076162801,,,PA
400130078262901,,,PA
400201078394901,,1301.607,PA
400220077353001,,,PA
400222077352801,,,PA
400317078214701,,,PA
400322076255001,,,PA
400324078434601,,,PA
400351076261301,,,PA
400415076280501,,,PA
400418076041401,,,PA
400433076261401,,,PA
400449076275501,,,PA
400456076041201,,,PA
400458076200001,,,PA
400501076274201,,,PA
400530076260601,,,PA
400543076295801,,,PA
400544076235501,,,PA
400547076392001,,,PA
400557076262601,,,PA
400600076261601,,,PA
400603077184001,,763.011,PA
400604077183701,,1929.969,PA
400605076335801,21.3,1750.437,PA
400605077183501,,107.7192,PA
400606077183501,,,PA
400607077183401,,,PA
400607077183701,,,PA
400607077184301,,,PA
400609077184501,,278.2746,PA
400610076240101,,,PA
400611077183601,,,PA
400618077180601,,,PA
400621076223701,,,PA
400626077571501,,,PA
400627076231301,,,PA
400630076393001,,,PA
400637076432201,,,PA
400642076394701,,,PA
400642076403201,,,PA
400645076245001,,,PA
400722076245901,,,PA
400724076195301,,,PA
400725076370701,,,PA
400726076295301,,,PA
400729076362301,,,PA
400737076380201,,,PA
400739078355101,,,PA
400744075583901,12,,PA
400744076391301,,,PA
400744077242901,4,11220.75,PA
400749076361201,,,PA
400755076364101,,,PA
400827076361801,,,PA
400838078262801,,,PA
400841077274501,5.7,897.66,PA
400858077074201,,10771.92,PA
400903075551501,13,,PA
400904078125501,,,PA
400904078125701,,,PA
400906078125601,,,PA
400908076341101,,,PA
400912078130701,,,PA
400918077263701,,,PA
400926075524401,,,PA
400926075544501,6.9,,PA
400926078345101,,1615.788,PA
400933077060301,8.3,,PA
400941077185901,6,852.777,PA
400943077005001,10,1548.4635,PA
400944077185801,,,PA
400945077185901,,,PA
401002077535101,,,PA
401003077155301,6.66,897.66,PA
401008077154501,,,PA
401009077184001,,673.245,PA
401009077184002,5.8,,PA
401009077184003,6,,PA
401010076305201,,,PA
401010077184101,,,PA
401010078250901,,,PA
401015078241001,,,PA
401020076352201,,,PA
401020078225801,,,PA
401028078240901,,,PA
401032076082401,,,PA
401045076340901,,,PA
401056076565901,,,PA
401133078210401,,,PA
401135078211301,,,PA
401152076105301,19,,PA
401158077015301,,718.128,PA
401240077095501,,,PA
401248077063801,,26.9298,PA
401252077102301,,,PA
401307078242801,,,PA
401311076264301,,,PA
401339076550701,2.7,291.7395,PA
401344076551401,,987.426,PA
401353076564801,2.7,,PA
401403076162901,,,PA
401419076570801,,350.0874,PA
401428077002501,,1885.086,PA
401525076495701,3.4,,PA
401603078103901,,,PA
401609076285801,,,PA
401612076282701,,,PA
401628078082101,,,PA
401631076272201,,,PA
401634076290001,,,PA
401636076285501,,,PA
401643076291501,,,PA
401643076291901,,,PA
401645076204901,,,PA
401649076215601,,,PA
401650076211301,,,PA
401656076273401,,,PA
401700076273901,,,PA
401705076190401,,,PA
401712076254201,,,PA
401728076201702,,,PA
401743078093301,,,PA
401815077005801,,,PA
401943077144001,0.08,,PA
401948076294501,,538.596,PA
401956076281401,,,PA
401957076281201,,,PA
401959078240401,,,PA
402004076290901,,,PA
402014077541801,,,PA
402028078155001,8.81,,PA
402034076304301,,,PA
402035076241601,,,PA
402039076285801,,,PA
402045077133401,,,PA
402047076284401,,,PA
402054077131601,,,PA
402057076285701,,,PA
402058076285801,,,PA
402110077124001,,,PA
402113077134701,,,PA
402223076303601,,,PA
402309077042101,6.2,,PA
402511078161801,,,PA
402521078161501,,,PA
402710078324001,,,PA
402711078323301,,,PA
402730078121001,,,PA
402807078331201,,,PA
402809078332201,,,PA
402816078160901,,,PA
402925078022301,,,PA
402935078014001,,,PA
403128077595001,,,PA
403205078103301,,,PA
403246077495301,,,PA
403252077582701,,242.3682,PA
403256076235401,,,PA
403347077462701,,1122.075,PA
403406078092401,,,PA
403408078092401,4.4,,PA
403621078121801,,,PA
403626076252902,,,PA
403627076253001,,,PA
403702078075401,,,PA
403736076475801,,,PA
403750078425701,,,PA
403753078341501,,,PA
403816078321802,,,PA
403825078114201,,,PA
403852076532901,,,PA
403907078353501,,,PA
403912078153901,,,PA
403930078045601,,,PA
403933077385101,7.55,1211.841,PA
404013078143101,,,PA
404130077160401,,,PA
404147077333601,0.95,14362.56,PA
404221077580501,3.74,1705.554,PA
404228077565801,4.8,,PA
404412076184201,,,PA
404528078370801,,,PA
404547077313201,,,PA
404629078535601,,,PA
404709078535001,,,PA
404710076395801,,,PA
404730077445101,5.06,,PA
404730077445401,,,PA
404735077363901,,0,PA
404808077504902,,2692.98,PA
404814078524102,,,PA
404818078304901,,,PA
404844077503101,,538.596,PA
405105077492101,3.35,4084.353,PA
405144077042601,,,PA
405145077452601,5.46,2244.15,PA
405149077041801,,,PA
405153077035301,,,PA
405213077271601,2.86,,PA
405241077280201,5.72,,PA
405248077474001,,3904.821,PA
405300077363101,,3411.108,PA
405300077473701,3.2,,PA
405324077453701,7.92,897.66,PA
405328077052001,,,PA
405420077464201,1.88,8527.77,PA
405440076502501,,,PA
405455076455501,,,PA
405517078230101,,,PA
405518077023101,,,PA
405525077290401,3.74,,PA
405535077280801,,,PA
405544078225801,,,PA
405727078173901,,,PA
405753078363601,,,PA
405810076362802,,,PA
405847077253201,2.7,,PA
405857077280001,2.64,14811.39,PA
405857077280002,2.85,,PA
405938077250301,3.3,13016.07,PA
410002077320301,,,PA
410013077320101,,1885.086,PA
410035077224401,4.855,,PA
410045077304901,,,PA
410058077315201,,1122.075,PA
410059077315001,,,PA
410113077195401,2.88,,PA
410126077213001,,,PA
410127076222101,,,PA
410140077183701,3.865,,PA
410145077184001,,,PA
410145077184401,,,PA
410215076152901,,,PA
410225077182801,,,PA
410244077065501,,,PA
410248077314801,,,PA
410249077083901,,,PA
410250077083801,,22.4415,PA
410258077313201,1.76,1436.256,PA
410312077310301,,987.426,PA
410317077305801,,3680.406,PA
410322077305501,,673.245,PA
410324077281101,1.88,3949.704,PA
410359076113401,,,PA
410422078383601,,,PA
410432076234401,,,PA
410433076234701,,,PA
410445078195701,,,PA
410504077272801,,4308.768,PA
410602078024001,,,PA
410647076504801,,,PA
410827075521801,,,PA
410925077131301,0.89,19748.52,PA
411007077005601,,,PA
411219076504201,,,PA
411223076501301,,,PA
411302077035101,,,PA
411326078315201,,,PA
411422076413201,,,PA
411748075561201,,,PA
412042075345401,,,PA
412110076013701,,,PA
412500076295201,,,PA
412502076295001,,,PA
412522076022001,,,PA
412721076263601,,,PA
412732078034101,,,PA
413355075331501,,,PA
413500075453501,,,PA
413949077072601,,,PA
414257075460701,,,PA
414309076420801,,,PA
415122075304201,,,PA
415145075311501,,,PA
415203075311801,,,PA
415350075280001,,,PA
415442075515101,0.04,,PA
415613077262701,,,PA
420239077324900,,,NY
421017075321801,,,NY
422439077402801,,,NY
422852074363603,,,NY
422855074362900,,,NY
423231075143101,,,NY
424608075441700,,,NY
425413075065301,,,NY
1619320,,3455.991,MD
1621014,0.074,,MD
382338076304301,4.6,,MD
382339076304301,1.4,,MD
382340076304301,0.19,,MD
382948078575301,4.11,,MD
383052077022701,0.315,,MD
383136078563401,3.55,,MD
383149078570401,5.97,,MD
383234078553201,3.17,,MD
383255078561901,,,MD
383441076535101,,,MD
383454076523401,,,MD
383553077044901,,,MD
383830076565001,,,MD
384815076394001,,,MD
385344076354501,,,MD
385619077063601,1.6,,MD
385824077001901,,,MD
385825077001701,,,MD
385946077095901,,,MD
390124076135801,,,MD
390231077155401,,,MD
390246077163801,,,MD
390255077163701,,,MD
390303077164701,,,MD
390337077094601,,,MD
390655076540301,,,MD
390825077132501,,,MD
390940076581001,,,MD
391013077281101,,,MD
391054076575801,3.8,,MD
391107076534701,,,MD
391110076542201,,,MD
391116076495401,,,MD
391117076535401,,,MD
391126076541901,,,MD
391132076545001,,,MD
391201077035601,,,MD
391220076534701,,,MD
391232079285001,,,MD
391247077032001,,,MD
391247079290501,2.35,,MD
391258079283501,0.53,,MD
391303079280501,1.4,,MD
391308076425901,,,MD
391320077270101,,,MD
391321079280301,0.11,,MD
391322075463001,9.645,,MD
391326079253701,0.6,,MD
391400077151401,,,MD
391408077032101,,,MD
391415079270601,0.92,,MD
391433079265801,1.3,,MD
391439076555601,4,,MD
391439076555602,3.9,,MD
391448076462001,,,MD
391451077210001,,,MD
391451079264201,,,MD
391453075590801,,,MD
391504079281701,1.8,,MD
391513076554201,,,MD
391517076455801,,,MD
391522079253701,0.68,,MD
391527076560701,,,MD
391527079254101,0.62,,MD
391533076563301,,,MD
391534077021701,4.9,,MD
391553076483801,,,MD
391613077314601,,,MD
391616079245101,,,MD
391621079253501,,,MD
391644077275501,,,MD
391702076003501,2.325,,MD
391705077095501,,,MD
391721077115601,,,MD
391737077012001,,,MD
391739079210501,,,MD
391740077270801,,,MD
391745079252201,,,MD
391756077232501,,,MD
391800077264701,,,MD
391816076414301,,,MD
391818079241701,,,MD
391820077332701,,,MD
391839077092501,,,MD
391841077001601,2.2,,MD
391846077370501,4.8,,MD
391847077370401,,,MD
391852076414801,,,MD
391852076484801,,,MD
391853076420301,,,MD
391903077173402,,,MD
391911077024601,,,MD
391926077255401,,,MD
391928077271101,,,MD
391930077270301,,,MD
391930077270401,,,MD
391931077425001,,,MD
391933077323201,,,MD
391934077270901,,,MD
391936077321101,,,MD
391940077261401,,,MD
391943077024801,,,MD
391947077404601,,,MD
391949077094301,,,MD
391950077421801,,,MD
391954077343401,,,MD
392006076343501,,,MD
392010077255301,,,MD
392010077271301,,,MD
392011077422601,,,MD
392019079184801,,,MD
392034077033501,,,MD
392038077271701,,,MD
392040077405601,,,MD
392048077270401,,,MD
392054077270401,,,MD
392058076481701,4.6,,MD
392058077270301,,,MD
392059076504901,0.15,,MD
392108079200801,,,MD
392111076053801,,,MD
392114076571601,,,MD
392114079182001,,,MD
392115077100401,5.1,,MD
392116077414301,,,MD
392116079181601,,,MD
392122076545001,,,MD
392122077035201,,,MD
392128077393401,,,MD
392129076582701,,,MD
392130077414401,,,MD
392134077441401,,,MD
392136077415901,,,MD
392142077375101,,,MD
392148077254901,,,MD
392150076492301,16,,MD
392203079172401,,,MD
392206077402401,,,MD
392208077062001,,,MD
392212076035501,5.5,,MD
392216077124001,,,MD
392216079175601,,,MD
392228077410301,,,MD
392232077393401,,,MD
392232077393402,,,MD
392238077440601,,,MD
392243077250201,,,MD
392249077254001,,,MD
392249077254201,,,MD
392250077392801,,,MD
392250077394601,,,MD
392303079161101,,,MD
392305077393301,,,MD
392314077282701,,,MD
392315077282701,,,MD
392316077282801,,,MD
392328079154501,,,MD
392335077312301,,,MD
392348077440401,,,MD
392359077390901,,,MD
392403077105201,,,MD
392405077392301,,,MD
392416077262901,,,MD
392416077262902,,,MD
392432077395201,,,MD
392432077430601,,,MD
392436077391201,,,MD
392445076170801,,,MD
392446077413001,,,MD
392448077435701,,,MD
392449077245401,,,MD
392449077434101,,,MD
392449077434201,,,MD
392454077154901,,,MD
392457077343001,,,MD
392457077412701,,,MD
392511076351001,2.9,,MD
392513077104901,,,MD
392516077313401,,,MD
392517077294903,,,MD
392518077295801,,,MD
392527077401701,,,MD
392543077432801,,,MD
392544077452601,,,MD
392548077331601,,,MD
392549077175001,,,MD
392551077455301,,,MD
392552077262201,5.3,,MD
392553077262601,4.74,,MD
392553077462301,,,MD
392556077263301,4.97,,MD
392556077455301,,,MD
392557079154701,,,MD
392558077465701,,,MD
392605077262801,5.39,,MD
392610077390101,,,MD
392613079144901,,,MD
392620076440001,0.675,,MD
392623077442601,,,MD
392624077314401,,,MD
392624077405701,,,MD
392628076411701,,,MD
392628076534301,,,MD
392631076304801,,,MD
392641077245601,,,MD
392643077245501,,,MD
392646077432701,,,MD
392647077244801,,,MD
392653077425701,,,MD
392654077294501,,,MD
392700077391101,,,MD
392709076393001,,,MD
392716077085001,,,MD
392719077441501,,,MD
392719077442801,,,MD
392721077202101,,,MD
392721077203001,,,MD
392722077195101,,,MD
392722077245601,,,MD
392722077444101,,,MD
392723077300301,,,MD
392728077445301,,,MD
392730077444701,,,MD
392734077313501,,,MD
392736077195801,,,MD
392737077350702,,,MD
392739077462401,,,MD
392747077374501,,,MD
392752077054501,1.1,,MD
392758077394601,,,MD
392759077410301,,,MD
392810077302501,,,MD
392813077375101,,,MD
392818077065801,0.57,,MD
392819077292901,,,MD
392823077395301,,,MD
392826077393701,,,MD
392827077394501,,,MD
392827077395801,,,MD
392829077245201,,,MD
392829077302501,,,MD
392831077221401,,,MD
392831077383101,,,MD
392832077172201,,,MD
392836077403301,,,MD
392836077442701,8.3,,MD
392837077382001,,,MD
392837077402601,,,MD
392838077253801,,,MD
392839077253501,,,MD
392840077302901,,,MD
392848077124801,,,MD
392851077233101,,,MD
392851077373901,,,MD
392856079092401,,,MD
392904077233901,,,MD
392907077441301,,,MD
392908077201901,,,MD
392914077420101,,,MD
392915077413301,,,MD
392917077420201,,,MD
392923076324901,4,,MD
392927077185101,,,MD
392930077282701,,,MD
392931077481801,,,MD
392933077483201,,,MD
392933077483202,,,MD
392934077482701,,,MD
392934077484201,,,MD
392937077162001,,,MD
392938076380401,,,MD
392939077454501,,,MD
392943076442601,,,MD
392946076504101,,,MD
392946077270301,,,MD
392948076411401,,,MD
392949077304301,,,MD
392949077455601,,,MD
392950077431601,,,MD
392957077455001,,,MD
393001077470301,,,MD
393023077223501,,,MD
393024077374201,,,MD
393024077374202,,,MD
393025077215601,,,MD
393027077205701,,,MD
393030077215501,,,MD
393034077391901,,,MD
393035077205101,,,MD
393053076220101,,,MD
393054077045601,2.35,,MD
393057077374601,,,MD
393057077415901,,,MD
393057077453401,,,MD
393102076215801,,,MD
393104076425401,0.07,,MD
393104077215101,,,MD
393107077195201,,,MD
393108077195901,,,MD
393111077373901,,,MD
393123077484701,,,MD
393125077210601,,,MD
393125077484901,,,MD
393125077485001,,,MD
393125077485101,,,MD
393129077175001,,,MD
393131077471401,,,MD
393132077471401,,,MD
393136077362401,,,MD
393140077361301,,,MD
393141077180001,,,MD
393142077473301,,,MD
393147077433801,,,MD
393153076395701,0.06,,MD
393158076401101,4.1,,MD
393212076365901,2.38,,MD
393214077151501,,,MD
393214077483801,,,MD
393214077483802,,,MD
393218077271001,0.4,,MD
393219077484501,,,MD
393220077063301,,,MD
393221077415901,,,MD
393225077023801,2,,MD
393225077443401,,,MD
393230077444201,,,MD
393232076451801,,,MD
393233077483001,,,MD
393239077410501,,,MD
393241077363101,,,MD
393246077312701,,,MD
393246077351801,,,MD
393247077365701,,,MD
393247077444901,,,MD
393248079074901,,,MD
393253077492401,,,MD
393254079134301,,,MD
393258077363701,0.32,,MD
393258077451201,,,MD
393300077455001,,,MD
393301077385201,,,MD
393302077455201,,,MD
393303077454901,,,MD
393308077020901,,,MD
393309077392201,8.8,,MD
393310077392201,,,MD
393312076415501,1.8,,MD
393314077512501,4.7,,MD
393314077512801,,,MD
393315077443001,,,MD
393321077020301,,,MD
393321077240501,,,MD
393323077384901,,,MD
393323079131101,,,MD
393328079122801,,,MD
393334077440801,,,MD
393334079124601,,,MD
393334079125301,,,MD
393337077402201,,,MD
393341077312501,,,MD
393343077382101,,,MD
393346077382801,,,MD
393346077471201,,,MD
393350078391601,,,MD
393355078392301,,,MD
393359079122601,,,MD
393401077364701,,,MD
393403076414701,5.1,,MD
393416077492201,,,MD
393424076435001,0.63,,MD
393426077452901,,,MD
393427077453302,,,MD
393428078435101,,,MD
393432078591901,,,MD
393436077351901,,,MD
393436077352201,,,MD
393436079041801,,,MD
393438078420601,0.115,,MD
393444077391801,,,MD
393445077381001,,,MD
393448077104701,,,MD
393448077260202,,,MD
393448077374501,,,MD
393450077445401,,,MD
393451077375601,,,MD
393451077380001,,,MD
393452077380501,,,MD
393458079113401,,,MD
393459076045001,1,,MD
393512077313201,,,MD
393514077324801,,,MD
393520077404701,,,MD
393522077381901,5.72,,MD
393522077382301,,,MD
393523077381901,,,MD
393525078595801,,,MD
393525078595802,0.53,,MD
393529077015501,,,MD
393532077474201,,,MD
393533077474101,,,MD
393533077474301,,,MD
393534077474201,,,MD
393537076381601,,,MD
393537077472701,,,MD
393540077470801,,,MD
393541077033801,3.3,,MD
393541077470601,,,MD
393543077353301,,,MD
393544077353301,,,MD
393547077360201,,,MD
393548077485901,,,MD
393552077481001,,,MD
393556078401201,,,MD
393601076075401,,,MD
393601077364601,,,MD
393601077364701,,,MD
393601077365301,,,MD
393605077365401,,,MD
393607077365701,,,MD
393610077452801,,,MD
393610077475801,,,MD
393613077452301,,,MD
393613077452501,,,MD
393613077452801,,,MD
393613077452802,,,MD
393615077491401,,,MD
393620077253101,,,MD
393623077260001,,,MD
393634077235101,,,MD
393637077490201,,,MD
393639076480601,7.5,,MD
393639078002301,,,MD
393643077490001,,,MD
393646079093601,,,MD
393647077515701,,,MD
393648077500201,,,MD
393654077224701,,,MD
393655077520301,,,MD
393657077364001,,,MD
393702079012401,,,MD
393704076072801,,,MD
393708076080001,,,MD
393708076345501,9.64,,MD
393714077560401,,,MD
393718077545601,,,MD
393719077545501,,,MD
393719077585201,,,MD
393722077484601,,,MD
393724077481701,,,MD
393725077522501,,,MD
393732077522201,,,MD
393738077484201,,,MD
393739077425101,,,MD
393740077425201,,,MD
393741079074301,,,MD
393743077582101,,,MD
393745077424501,,,MD
393745077562201,,,MD
393748076395701,,,MD
393754079071401,,,MD
393757076240101,,,MD
393800076240101,0.2,,MD
393801079025401,,,MD
393802077435501,,,MD
393802077435801,,,MD
393805077435401,,,MD
393807077435301,8.2,,MD
393807077481001,,,MD
393810076531701,4.4,,MD
393810078374701,,,MD
393811079060801,,,MD
393815077435301,,,MD
393822077434801,,,MD
393824077512201,,,MD
393826077315701,0.89,,MD
393826078512501,,,MD
393827079071301,,,MD
393829077334201,,,MD
393831077382101,,,MD
393834076432901,,,MD
393835077225301,,,MD
393835077225302,,,MD
393837077335601,,,MD
393838076553801,,,MD
393840076432101,,,MD
393841076430901,1,,MD
393848078000801,,,MD
393848078000802,,,MD
393849077292201,1.8,,MD
393850076391501,,,MD
393850076430101,,,MD
393850076592401,,,MD
393850077292001,3.8,,MD
393850077292301,3.5,,MD
393853077284801,2.1,,MD
393859076244001,,,MD
393859077292301,2.8,,MD
393902076423801,,,MD
393902078293001,,,MD
393903077535701,,,MD
393905077582401,,,MD
393907077395301,,,MD
393912078162401,,,MD
393915077283801,1.06,,MD
393918075523201,,,MD
393918077332201,,,MD
393919076375901,,,MD
393919077554901,,,MD
393919077575801,,,MD
393920077284101,0.93,,MD
393921078460701,,,MD
393921079051201,,,MD
393923077284301,1.14,,MD
393928077311601,,,MD
393928077572201,,,MD
393933077324801,,,MD
393936077542101,,,MD
393938076533501,,,MD
393938077293401,0.516,,MD
393939077293801,2.3,,MD
393940078371001,,,MD
393941076533301,,,MD
393948078253701,,,MD
393950079000201,,,MD
393952077353201,,,MD
393956077270201,,,MD
393956078295901,,,MD
393957077323101,,,MD
393958077532001,,,MD
394001077220101,,,MD
394001078594601,,,MD
394003077423801,,,MD
394004077284001,0.5935,,MD
394007077211101,,,MD
394009077432701,,,MD
394010078150701,,,MD
394013077232201,,,MD
394014076412601,,,MD
394014078362101,,,MD
394018078562001,,,MD
394019078580801,,,MD
394020077465901,,,MD
394023076401001,1.6,,MD
394023077324201,1.05,,MD
394023077470501,,,MD
394023078381901,,,MD
394024076413401,,,MD
394024077465401,,,MD
394025076404601,,,MD
394026076401601,,,MD
394026077473301,,,MD
394027077473301,,,MD
394027078584501,,,MD
394028078010701,,,MD
394030078585201,,,MD
394032076412901,,,MD
394032078015501,,,MD
394034076392001,,,MD
394034077452601,,,MD
394035077215801,,,MD
394035079003901,,,MD
394036078481401,,,MD
394037078415301,,,MD
394038079002601,,,MD
394039077561001,,,MD
394040077341901,,,MD
394040077551301,,,MD
394042076410001,,,MD
394042077405801,,,MD
394043077280801,1.4,,MD
394044075523701,,,MD
394045076411601,,,MD
394045077290401,1.355,,MD
394049077343401,,,MD
394051077242201,,,MD
394055077212301,,,MD
394057077342501,,,MD
394057077500901,,,MD
394058077561501,,,MD
394100078174401,,,MD
394101077450901,,,MD
394103076113701,,,MD
394105077450701,,,MD
394106077495701,,,MD
394107077582501,,,MD
394108076395601,,,MD
394109077573201,,,MD
394109078341201,,,MD
394109078341202,,,MD
394109078351701,,,MD
394110078341301,,,MD
394112078132201,,,MD
394114077303801,,,MD
394115076534601,,,MD
394116077572601,,,MD
394116078343501,,,MD
394117078343101,,,MD
394119078343101,,,MD
394119078391501,,,MD
394121077335101,,,MD
394121078133201,,,MD
394122077494201,,,MD
394123077315201,,,MD
394124078390101,,,MD
394125078010801,,,MD
394127077303301,,,MD
394127077565101,,,MD
394132077321101,,,MD
394136077563601,,,MD
394137078013301,,,MD
394138078014801,,,MD
394138078534101,,,MD
394141076413501,,,MD
394142076161101,,,MD
394144076331001,,,MD
394144077462101,,,MD
394145076325701,,,MD
394145077273001,,,MD
394146078532001,,,MD
394147077462001,,,MD
394147078571401,,,MD
394150077224901,,,MD
394150077461401,,,MD
394151078125401,,,MD
394152076330501,,,MD
394153076325701,11,,MD
394156078363501,,,MD
394201076433801,,,MD
394201078385401,,,MD
394202077282601,,,MD
394202078124801,,,MD
394203078181101,,,MD
394204076434901,,,MD
394204077422301,,,MD
394204077422401,,,MD
394206078530901,,,MD
394208078340701,,,MD
394219077330101,,,MD
394220077325501,,,MD
394223077333201,,,MD
394223078182101,0.77,,MD
394224077513001,,,MD
394224078192801,,,MD
394226077512201,,,MD
394226077564201,,,MD
394227077515401,,,MD
394227077531701,,,MD
394227078113901,,,MD
394227078525301,,,MD
394227078525302,,,MD
394228077470001,,,MD
394228077515301,,,MD
394228077535901,,,MD
394231077510401,,,MD
394232077542201,,,MD
394233077562701,,,MD
394236076404001,,,MD
394237078163501,,,MD
394241075582001,,,MD
394242077532201,,,MD
394244077464901,,,MD
394245078161101,,,MD
394247078121701,,,MD
394248078115201,,,MD
394250077404401,,,MD
394253077304101,,,MD
394253077405001,,,MD
394253078523701,,,MD
394254078175201,,,MD
394255077404701,,,MD
394256078005301,,,MD
394257076064301,,,MD
394259076413901,,,MD
394303077422701,,,MD
394303077423101,,,MD
394304077423301,,,MD
394305077561401,,,MD
394305078115401,,,MD
394306076380801,,,MD
394306078404701,,,MD
394306078540901,,,MD
394307076510201,,,MD
394310078124301,0.26,,MD
394310078124701,,,MD
394311078403001,,,MD
394312076413901,,,MD
394315078052501,,,MD
394317078161201,,,MD
394318078531201,,,MD
385619077063601,1.6,,DC
1615515,,,VA
1615522,,,VA
1616075,,430.8768,VA
1620817,,,VA
1621014,0.074,,VA
1621377,,,VA
1622500,,,VA
162906055,0.48,,VA
1629990,,,VA
1632500,,2513.448,VA
1632802,6.215,,VA
1632835,1.63,,VA
163285551,4.68,,VA
163285591,0.298,,VA
163306620,,,VA
163306650,,,VA
1635000,,,VA
1635070,,,VA
1636310,3.1,,VA
1636315,3.2,,VA
1636320,0.1,,VA
1636330,3.5,,VA
1636340,6,,VA
1643610,,1346.49,VA
2010000,,,VA
2010500,,,VA
2011000,,,VA
2011950,,628.362,VA
2015500,,1032.309,VA
2020000,,1346.49,VA
2022000,,2199.267,VA
2037570,,,VA
2037620,3.2,,VA
2037640,5.5,,VA
371208076301501,0.579,,VA
371211076315301,0.033,,VA
371213076320401,0.04,,VA
371223076311501,0.055,,VA
371242076312101,1.28,,VA
371252076351701,,,VA
371305076300801,0.224,,VA
371307076360401,,,VA
371315076293601,0.009,,VA
371321076312601,0.286,,VA
371330076305501,0.697,,VA
371331076303801,0.43,,VA
371338076365601,,,VA
371338076370101,,,VA
371344076323801,0.005,,VA
371355076310101,,,VA
371355076311001,0.026,,VA
371402076313901,0.051,,VA
371403076313401,0.051,,VA
371406076373901,,,VA
371409076324301,,,VA
371409076324401,,,VA
371411076323601,,,VA
371413076345701,,,VA
371424076351301,,,VA
371434076321401,,,VA
371434076351401,,,VA
371436076340001,,,VA
371450076325301,,,VA
371522076340301,,,VA
371524076480801,1.14,,VA
371539076452501,,,VA
371611076354101,,,VA
372615077175701,2.73,,VA
372741077054001,,,VA
372741077054002,,,VA
372741077054003,,,VA
372934077035801,,,VA
375027079093001,0.75,,VA
375055079284001,,,VA
375203079085501,1.3,,VA
375306079001401,0.17,,VA
375524078575801,0.125,,VA
375603078542101,0.4,,VA
375652078545701,0.085,,VA
375807077322201,0.057,,VA
375810077320901,0.723,,VA
375812078535201,0.01,,VA
380056078095201,,,VA
380124077524801,0.34,,VA
380140077350301,0.31,,VA
380255079195601,0.06,,VA
380311078555201,0.515,,VA
380313079465201,,,VA
380331078533301,,,VA
380336078533401,,,VA
380516077211801,,,VA
380517077211601,,,VA
380533078531001,2.7,,VA
380553077083901,,,VA
380555077085101,,,VA
380611079191201,,,VA
380631077084901,,,VA
380631077084902,,,VA
380653077121201,,,VA
380726077120501,,,VA
380728077120101,,,VA
380728077120401,,,VA
380819077120401,,,VA
380925079051501,,,VA
381006077164201,,,VA
381009077164101,,,VA
381014077165901,,,VA
381019077164201,,,VA
381108076551101,3.95,,VA
381138079241901,,,VA
381152077171301,,,VA
381158077172301,,,VA
381158077172601,,,VA
381158077172602,,,VA
381205077172101,,,VA
381225079021001,,,VA
381315079065201,,,VA
381822078551801,,,VA
382229078014601,2.6,,VA
382402078501301,,,VA
382415078361101,,,VA
382639078370601,,,VA
382902077503001,0.02,,VA
382948078575301,4.11,,VA
383136078563401,3.55,,VA
383149078570401,5.97,,VA
383216078572801,2.24,,VA
383234078553201,3.17,,VA
383255078561901,,,VA
383334077220201,,,VA
383338077204301,,,VA
383342077220601,,,VA
383433077252201,,,VA
383441077250801,,,VA
383443077250401,,,VA
383502077230601,,,VA
383515077225201,,,VA
383601077251801,,,VA
383603077251401,,,VA
384000078480901,,,VA
384700078155601,,,VA
384718078151901,,,VA
384718078155801,,,VA
384822077315101,0.08,,VA
384950078201901,,,VA
384956078140001,,,VA
384958078144101,,,VA
385001078145601,,,VA
385004078134801,,,VA
385035077322001,,,VA
385049078085401,,,VA
385057078133101,,,VA
385115078084601,,,VA
385128078081401,,,VA
385200078132101,,,VA
385206078202001,,,VA
385207078201101,,,VA
385212078195701,,,VA
385228078092901,,,VA
385229078091501,,,VA
385235078092701,,,VA
385241078083901,,,VA
385242078072001,,,VA
385242078072501,,,VA
385251078090201,,,VA
385251078094101,,,VA
385257078072601,,,VA
385325078094601,,,VA
385327078093501,,,VA
385338078063901,,,VA
385340078072201,,,VA
385341078090701,,,VA
385345078085201,,,VA
385421078061801,,,VA
385431078060701,,,VA
385450078064301,,,VA
385452078181201,,,VA
385454078182101,,,VA
385544078061701,,,VA
385547078040601,,,VA
385552078040801,,,VA
385555078040701,,,VA
385556078040701,,,VA
385557078040601,,,VA
385606078050801,,,VA
385737078022201,,,VA
385834078005301,,,VA
385843078110701,,,VA
385937078082901,,,VA
390002078010801,,,VA
390002078011101,,,VA
390003078011101,,,VA
390003078011201,,,VA
390010078055501,,,VA
390014078055701,,,VA
390015078055801,,,VA
390019077462501,,,VA
390030078005501,,,VA
390110078064501,,,VA
390122078065201,,,VA
390147078055401,,,VA
390158078024401,,,VA
390159077484101,,,VA
390201078071201,,,VA
390211078042501,,,VA
390218078050101,,,VA
390220077485001,,,VA
390226078032001,,,VA
390240078043501,,,VA
390249078071101,,,VA
390306077485201,,,VA
390346078040001,,,VA
390350078175201,,,VA
390359077505001,,,VA
390401078051901,,,VA
390405078014201,,,VA
390410078013201,,,VA
390424077552101,,,VA
390424078053201,,,VA
390427077551701,,,VA
390430077512401,,,VA
390430078075301,,,VA
390434077551701,,,VA
390436078003801,,,VA
390436078061501,,,VA
390444078002401,,,VA
390444078041901,,,VA
390450077514201,,,VA
390456078003301,,,VA
390457078033701,,,VA
390457078033801,,,VA
390519078023701,3.2,,VA
390538077584301,,,VA
390538078001701,,,VA
390544078063301,,,VA
390548078041601,,,VA
390603078031401,,,VA
390618077583301,3.7,,VA
390624078005101,,,VA
390626078060201,,,VA
390634078121301,,,VA
390635077573501,,,VA
390648078040901,,,VA
390653078041401,,,VA
390657077594301,,,VA
390658078011201,,,VA
390710077511901,,,VA
390710077573801,,,VA
390733078013001,,,VA
390737077592401,,,VA
390739077592301,,,VA
390751078050301,,,VA
390803077324401,2.9,,VA
390808077590201,,,VA
390808078002901,,,VA
390811078011001,,,VA
390834077550201,5.935,,VA
390841077524201,4.4,,VA
390847077555101,,,VA
390851077555501,,,VA
390853077584101,,,VA
390908077560301,,,VA
390913077572701,,,VA
390923077581001,,,VA
390947077583901,,,VA
390956077584801,,,VA
391000077584601,,,VA
391000077584701,,,VA
391002077585401,,,VA
391003077584901,,,VA
391004077584801,,,VA
391029078012701,,,VA
391037078021001,,,VA
391047078115601,,,VA
391058077550001,,,VA
391107077561601,,,VA
391125077565701,,,VA
391125078040201,,,VA
391133077560801,,,VA
391136077560701,,,VA
391152077585901,,,VA
391158077581601,,,VA
391158077584801,,,VA
391237078230901,,,VA
391328078023801,,,VA
391416078064501,,,VA
391444078022401,,,VA
391620078051301,,,VA
391829078074701,,,VA
372740080243001,,,WV
372858080244002,,,WV
373030080195001,,,WV
373030080195501,,,WV
373150080173001,,,WV
373150080173002,,,WV
373540080181001,,,WV
373550080174001,,,WV
373735080141001,,,WV
373740080145501,,,WV
373745080135801,,,WV
373748080142501,,,WV
373750080134601,,,WV
373750080134602,,,WV
373750080134603,,,WV
373925080185901,,,WV
373930080185501,,,WV
382722079250501,,,WV
382800079215101,,,WV
382808079265001,,,WV
382832079224001,,,WV
382858079225301,,,WV
383058079214901,,,WV
383104079283801,,,WV
383156079292501,,,WV
383358079170401,,,WV
383417079171001,,,WV
383508079095601,,,WV
383558079201901,,,WV
383600079223901,,,WV
383603079194801,,,WV
383605079211001,,,WV
383619079211201,,,WV
383635079210001,,,WV
384011079151501,,,WV
384020079293001,,,WV
384025079175101,,,WV
384025079292501,,,WV
384040079290001,,,WV
384100079331501,,,WV
384334079095501,,,WV
384847079072501,,,WV
385054078494901,,,WV
385147078001501,,,WV
385203078492801,,,WV
385327079025701,,,WV
385330079031001,,,WV
385344078554001,,,WV
385448078461701,,,WV
385457079045000,,,WV
385459079045101,,,WV
385504078584001,,,WV
385529079042001,,,WV
385603079004201,,,WV
385706078473901,,,WV
385721078470401,,,WV
385754078442701,,,WV
385859079135901,,,WV
385912079101000,,,WV
385930079064001,,,WV
385930079131000,,,WV
385930079131001,,,WV
385932079003201,,,WV
385933078421401,,,WV
390052079063901,,,WV
390106078583501,,,WV
390115078431301,,,WV
390116078362001,,,WV
390159078373701,,,WV
390208078380401,,,WV
390214078402901,,,WV
390214078414001,,,WV
390243078422801,,,WV
390251079032301,,,WV
390251079032401,,,WV
390252079025501,,,WV
390318078431901,,,WV
390345078374501,,,WV
390354078392001,,,WV
390414079020401,,,WV
390437079032201,,,WV
390438079031701,,,WV
390443078345101,0.41,49820.13,WV
390447078390701,,,WV
390454078312101,,,WV
390514078375901,,,WV
390530079035000,,,WV
390545078391601,,,WV
390547078355901,,,WV
390603079024001,,,WV
390610078351501,,,WV
390645078461001,,,WV
390705078393401,,,WV
390710079101901,,,WV
390728078342001,,,WV
390735078590401,,,WV
390745078282201,,,WV
390752079121201,,,WV
390754079121601,,,WV
390800078384801,,,WV
390818078580301,,,WV
390818079010201,,,WV
390824078555501,,,WV
390852078562101,,,WV
390855078554001,,,WV
390915078322401,,,WV
390924078321501,,,WV
390925079020500,,,WV
390927078562301,,,WV
391027078300001,,,WV
391037077534001,,,WV
391051078593401,,,WV
391100079080000,,,WV
391102077523501,,,WV
391111077520801,,,WV
391120078311800,,,WV
391141077490801,,,WV
391151077490501,,,WV
391151077535401,,,WV
391153077545001,7.3,,WV
391200078594301,,,WV
391200079013000,,,WV
391204077550601,,,WV
391208077523001,,,WV
391252078330101,,,WV
391326079253701,0.6,,WV
391341078550301,,,WV
391346078444601,,,WV
391409077535401,,,WV
391413077572301,5.1,,WV
391415078372501,,,WV
391420077541101,,,WV
391421077545901,,,WV
391421077572901,,,WV
391426077543601,,,WV
391428078274901,,,WV
391430077473601,,,WV
391435077551101,,,WV
391440077545601,,,WV
391440077554101,,,WV
391442078584801,,,WV
391448078362601,,,WV
391457077561601,,,WV
391459077475301,,,WV
391501077482600,,,WV
391501077561201,,,WV
391501077564701,,,WV
391505077502501,6.2,,WV
391510077490901,,,WV
391513077562101,,,WV
391514078273301,,,WV
391515078272801,,,WV
391516077464101,,,WV
391522077513601,4.66,,WV
391525077464901,,,WV
391526077473701,,,WV
391527078570201,,,WV
391531077492401,,,WV
391546077540901,,,WV
391546077540902,,,WV
391546077543101,,,WV
391546077543301,,,WV
391548077541001,,,WV
391555078565001,,,WV
391603079205401,,,WV
391607078580001,,,WV
391617078011601,,,WV
391622078300601,,,WV
391623079210101,,,WV
391626079212901,,,WV
391640078505901,,,WV
391652077493201,,,WV
391655077493801,4.7,,WV
391705078572801,,,WV
391708078335701,,,WV
391715077501801,,,WV
391728078255001,,,WV
391730077520001,6,,WV
391730077525001,6.3,,WV
391731077483901,,,WV
391733077525001,,,WV
391735077484301,5,,WV
391738077525701,,,WV
391745079061000,,,WV
391747079062101,,,WV
391752077535501,,,WV
391754077530601,,,WV
391754077595901,,,WV
391759077450801,,,WV
391800077580801,,,WV
391800078003501,,,WV
391801077543101,,,WV
391802077595201,,,WV
391803077551001,,,WV
391805077550701,4.35,493.713,WV
391810079055001,,,WV
391829077444501,0.06,,WV
391830077445001,,,WV
391831078250701,,,WV
391836077502401,,,WV
391838078265901,,,WV
391840077504001,5.9,,WV
391851078265401,0.17,,WV
391901078493001,,,WV
391903078024901,,,WV
391919078533901,,,WV
391930077441501,9.4,,WV
391940078023400,,,WV
391940079013501,,,WV
391943078481201,,,WV
391945078054000,,,WV
391947078023900,,,WV
391950078032900,2.6,,WV
391956078062600,5.05,,WV
391958078025300,,,WV
391959077455701,,,WV
392000078272501,,,WV
392001078031100,,,WV
392003079071801,,,WV
392004078483001,,,WV
392006078252801,,,WV
392006078265801,,,WV
392006078300401,,,WV
392010077455201,4,,WV
392011079073601,,,WV
392015078472300,,,WV
392017078011200,,,WV
392029077494301,,,WV
392029078294201,,,WV
392030077491801,,,WV
392035077465601,,,WV
392035077544001,,,WV
392036078560401,,,WV
392040077554901,,,WV
392042077554301,3,,WV
392049077554601,3.89,,WV
392051077554601,,,WV
392054077540201,,,WV
392054078041301,,,WV
392055077552501,,,WV
392059078042300,,,WV
392110077555201,1.78,,WV
392118077555401,,,WV
392118078050300,,,WV
392124078050501,5.9,,WV
392142077491501,,,WV
392143077495701,,,WV
392145077503701,,,WV
392146077444101,,,WV
392150077450101,,,WV
392151078054000,,,WV
392156078050000,,,WV
392157078052300,,,WV
392203078050000,,,WV
392205078054300,,,WV
392212079060201,,,WV
392232078225401,,,WV
392241078011901,3.1,,WV
392247079092101,,,WV
392255079093501,,,WV
392300078581201,,,WV
392300079094001,,,WV
392301077451001,,,WV
392301078031801,,,WV
392301078454901,,,WV
392310077540701,,,WV
392318078584101,,,WV
392333077550500,4.8,,WV
392341079044501,,,WV
392343077485101,,,WV
392343077485401,5.7,,WV
392346077553000,,,WV
392355078254901,,,WV
392359077584200,,,WV
392359078063901,0.11,,WV
392429078333701,,,WV
392431078035101,5.3,,WV
392445077504601,,,WV
392501077521101,,,WV
392502077493101,,,WV
392510077483801,,,WV
392510077484001,6.4,,WV
392512077483501,,,WV
392512077492001,,,WV
392516077484801,,,WV
392531077590900,,,WV
392534077591401,4.8,,WV
392536077591301,3.9,,WV
392538077501001,,,WV
392547077530000,,,WV
392550078021300,7.8,,WV
392554077520000,,,WV
392555077504101,,,WV
392607077505201,,,WV
392617079015801,,,WV
392619077541200,5.8,,WV
392627078404001,,,WV
392627078404101,,,WV
392650077551800,,,WV
392704077573900,,,WV
392717077530901,4.85,,WV
392723078103900,0.57,,WV
392745078184001,,,WV
392746078003301,,,WV
392748078003202,4.2,,WV
392753078185901,0.06,,WV
392800077500801,,,WV
392800078190901,,,WV
392806078024700,,,WV
392812077585900,4.63,,WV
392812078020201,,,WV
392815077524000,,,WV
392822077500301,,,WV
392902077484101,,,WV
392907078013501,1.2,,WV
392919078392801,,,WV
392935078054200,,,WV
392950078004601,6.2,,WV
393010078175001,0.11,,WV
393038078081601,2.4,,WV
393102078513501,,,WV
393112077535501,,,WV
393112077535801,,,WV
393116077535201,1.5,,WV
393125078202401,0.31,,WV
393128077554700,3.2,,WV
393138078031600,1.4,,WV
393143078083101,0.15,,WV
393145078033700,,,WV
393149078495301,,,WV
393203078495401,,,WV
393234077583900,,,WV
393252077572000,5.7,,WV
393300077571800,,,WV
393302077582900,3.8,,WV
393320078163201,0.39,,WV
393325077571300,,,WV
393326077593500,,,WV
393334078031800,0.65,,WV
393335077582200,3.2,,WV
393337077532900,4,,WV
393343078163301,0.21,,WV
393400078163001,0.4,,WV
393428078022900,,,WV
393438078163801,0.66,,WV
393456078160201,,,WV
393707078244401,,,WV
393734078134601,0.26,,WV
393738078134501,0.17,,WV
393738078134601,0.2,,WV
393820078062001,,,WV
394059078114201,,,WV
394125078101001,,,WV
394309077445901,,,WV
1983,,1,PA
1829,,2,PA
1718,,,PA
1716,,15,PA
1715,,3,PA
1159,,2,PA
1155,,,PA
1154,,,PA
1152,,2,PA
1149,,,PA
1148,,5,PA
1146,,10,PA
2127,,,PA
2009,,100,PA
2006,,100,PA
2005,,100,PA
2004,,40,PA
1183,,376.5,PA
1181,,8,PA
1180,,9,PA
1179,,76,PA
1178,,12,PA
1177,,258,PA
1176,,705,PA
1175,,1700,PA
1173,,8.5,PA
1172,,3,PA
1171,,2.5,PA
1170,,6.5,PA
1169,,7,PA
1168,,8,PA
1167,,,PA
1166,,210,PA
1165,,1310,PA
1164,,100,PA
1163,,,PA
1162,,,PA
1161,,30,PA
1158,,40,PA
1157,,100,PA
1156,,5,PA
1153,,263,PA
1151,,14,PA
1150,,10,PA
1147,,50,PA
1976,,,PA
1174,,10,PA
2099,,7,PA
1213,,259.5,PA
1212,,948,PA
1211,,7430,PA
1206,,200,PA
1204,,3675,PA
1200,,250,PA
1199,,1455,PA
1192,,4680,PA
2002,,,PA
2195,,10,PA
1314,,,PA
1313,,,PA
1312,,,PA
1305,,,PA
1304,,,PA
2276,,5.51,PA
2275,,12.32,PA
2274,,23.53,PA
2269,,3.12,PA
2268,,,PA
2267,,,PA
2266,,8.68,PA
2265,,5.76,PA
2264,,28.14,PA
2263,,5.04,PA
2262,,1,PA
2261,,5.04,PA
2260,,2.71,PA
2258,,35.61,PA
2257,,43.11,PA
2256,,11.53,PA
2255,,46.08,PA
2254,,39.59,PA
2253,,6.82,PA
2252,,2.11,PA
2251,,9.93,PA
2250,,,PA
2249,,1.87,PA
2248,,10.94,PA
2247,,46.92,PA
2246,,13.2,PA
2245,,3,PA
2243,,15.55,PA
2242,,33.92,PA
2241,,4.2,PA
2240,,6.99,PA
2239,,52.3,PA
2238,,2.92,PA
2235,,14.35,PA
2234,,1.17,PA
2227,,46.11,PA
2226,,10.95,PA
2225,,9.8,PA
2224,,38.5,PA
2223,,28.13,PA
2222,,8.79,PA
2221,,34.19,PA
2214,,5.01,PA
2213,,18.45,PA
2210,,1.72,PA
2209,,1.59,PA
2208,,0,PA
2207,,7.99,PA
2206,,12.79,PA
2205,,0.13,PA
2204,,18.65,PA
2203,,0.21,PA
2202,,0.16,PA
2201,,0.39,PA
2200,,6.95,PA
2199,,0.75,PA
2198,,0.23,PA
2197,,0.4968,PA
2194,,0,PA
2193,,0.0543,PA
2192,,0.14,PA
2190,,0.0245,PA
2189,,0.1454,PA
2187,,0.214,PA
2186,,2,PA
2185,,10,PA
2179,,,PA
2178,,28.92,PA
2177,,11.22,PA
2176,,11.75,PA
2175,,2.78,PA
2174,,,PA
2173,,2,PA
2172,,17.55,PA
2171,,,PA
2170,,15,PA
2169,,14.69,PA
2116,,11.49,PA
2091,,,PA
2067,,,PA
2059,,2.48,PA
2058,,8.83,PA
2057,,,PA
2056,,4.3,PA
2055,,3.3,PA
1441,,2,PA
2282,,10,PA
2163,,470.3,PA
2077,,,PA
2076,,27.5,PA
2075,,,PA
2025,,2270,PA
2000,,,PA
1999,,,PA
1998,,,PA
1997,,,PA
1996,,,PA
1995,,,PA
1994,,,PA
1993,,,PA
1992,,,PA
1991,,,PA
1990,,,PA
1989,,,PA
1988,,,PA
1987,,,PA
1986,,,PA
1985,,,PA
1971,,,PA
1969,,,PA
1968,,,PA
1967,,,PA
1966,,,PA
1965,,,PA
1964,,,PA
1873,,,PA
1847,,1000,PA
1723,,1000,PA
1392,,,PA
1344,,,PA
1342,3.74,738,PA
1337,1.88,7800,PA
1336,7.92,943,PA
1335,,3000,PA
1334,,4060,PA
1333,,13050,PA
1332,5.72,3150,PA
1330,2.86,459,PA
1329,5.46,3500,PA
1327,4.2,5690,PA
1325,,530,PA
1323,,3225,PA
1321,,1.9,PA
1320,,2491,PA
1319,5.06,,PA
1315,3.74,1710,PA
1235,,,PA
1220,7.1,,PA
2284,,20,PA
2037,,,PA
2036,,,PA
2035,,,PA
2034,,,PA
1932,,,PA
1931,,,PA
1930,,,PA
1929,,,PA
1928,,,PA
1927,,,PA
1926,,,PA
1925,,,PA
1924,,,PA
1923,,,PA
1922,,,PA
1921,,,PA
1920,,,PA
1919,,,PA
1918,,,PA
1917,,,PA
1916,,,PA
1915,,,PA
1914,,,PA
1913,,,PA
1912,,,PA
1911,,,PA
1910,,,PA
1909,,,PA
1908,,,PA
1907,,,PA
1906,,,PA
1905,,,PA
1904,,,PA
1903,,,PA
1902,,,PA
1901,,,PA
1900,,,PA
1899,,,PA
1898,,,PA
1897,,,PA
1896,,,PA
1895,,,PA
1894,,,PA
1893,,,PA
1892,,,PA
1891,,,PA
1890,,,PA
1889,,,PA
1888,,,PA
1887,,,PA
1886,,,PA
1885,,,PA
1884,,,PA
1883,,,PA
1882,,,PA
1881,,,PA
1880,,,PA
1879,,,PA
1878,,,PA
1877,,,PA
1876,,,PA
1875,,,PA
1418,,,PA
1388,,,PA
1384,,,PA
1355,,10,PA
1354,,,PA
1345,,,PA
1341,,,PA
1340,,,PA
1324,,,PA
1317,,5,PA
2436,,,PA
2433,,,PA
2432,,,PA
2431,,5,PA
2430,,,PA
2429,,1,PA
2428,,,PA
2427,,,PA
2426,,,PA
2425,,,PA
2424,,,PA
2423,,,PA
2422,,,PA
2421,,,PA
2420,,20,PA
2419,,,PA
2418,,,PA
2417,,,PA
2416,,,PA
2415,,,PA
2414,,,PA
2413,,1.25,PA
2412,,50,PA
2411,,,PA
2410,,,PA
2409,,,PA
2408,,,PA
2407,,2,PA
2406,,,PA
2405,,,PA
2404,,5,PA
2403,,,PA
2402,,20,PA
2401,,,PA
2400,,,PA
2399,,,PA
2398,,,PA
2397,,1.25,PA
2396,,5,PA
2395,,,PA
2394,,5,PA
2393,,,PA
2392,,,PA
2391,,30,PA
2390,,30,PA
2389,,,PA
2388,,,PA
2387,,100,PA
2386,,,PA
2385,,,PA
2384,,,PA
2383,,10,PA
2382,,,PA
2381,,1.25,PA
2380,,5,PA
2379,,,PA
2378,,,PA
2377,,,PA
2376,,,PA
2375,,5,PA
2374,,10,PA
2373,,,PA
2372,,10,PA
2371,,,PA
2370,,,PA
2369,,,PA
2368,,10,PA
2367,,5,PA
2366,,,PA
2365,,5,PA
2364,,,PA
2363,,,PA
2362,,12,PA
2361,,,PA
2360,,,PA
2359,,,PA
2358,,15,PA
2357,,,PA
2356,,,PA
2355,,,PA
2354,,,PA
2353,,,PA
2352,,,PA
2351,,,PA
2350,,,PA
2349,,,PA
2348,,,PA
2347,,,PA
2346,,1.25,PA
2345,,5,PA
2344,,,PA
2343,,,PA
2342,,,PA
2341,,1.25,PA
2340,,,PA
2339,,,PA
2338,,5,PA
2337,,,PA
2336,,5,PA
2335,,,PA
2334,,,PA
2333,,5,PA
2332,,,PA
2331,,1.25,PA
2330,,,PA
2329,,,PA
2328,,5,PA
2327,,1,PA
2326,,,PA
2325,,,PA
2324,,,PA
2323,,1.25,PA
2322,,,PA
2321,,,PA
2320,,,PA
2319,,10,PA
2318,,,PA
2317,,5,PA
2316,,,PA
2315,,,PA
2314,,,PA
2313,,1.25,PA
2191,,1,PA
2030,,10,PA
2029,,10,PA
1984,,10,PA
1390,,1000,PA
1380,1.88,3029,PA
1379,,670,PA
1378,,3700,PA
1377,,980,PA
1376,1.76,1070,PA
1375,,570,PA
1373,,,PA
1370,,100,PA
1369,,300,PA
1367,,,PA
1366,,874,PA
1364,,1270,PA
1363,,,PA
1362,,1815,PA
1360,,2000,PA
1359,3.3,13000,PA
1358,,5900,PA
1357,2.64,10000,PA
1066,,21,PA
2109,,5.43,PA
2108,,2.92,PA
1386,,7,PA
1385,,2,PA
1372,,2,PA
1368,,,PA
2168,,5,PA
2166,,,PA
2165,,7.17,PA
2121,,4.5,PA
2098,,,PA
1303,,5,PA
1302,,1790,PA
1301,,320,PA
1300,2.7,636,PA
1299,,1245,PA
1298,2.7,355,PA
1295,,1800,PA
1294,,30,PA
1292,,1000,PA
1290,,845,PA
1286,,50,PA
1284,,,PA
1283,,,PA
1282,,,PA
1281,,730,PA
1280,,,PA
1279,,1100,PA
1278,,,PA
1277,10,1460,PA
1276,4.3,1500,PA
1275,8.3,1580,PA
1274,,200,PA
1273,,12200,PA
1272,,15700,PA
1271,5.7,1400,PA
1269,3.2,11674,PA
1265,,1102.5,PA
1264,,560,PA
1263,,382.5,PA
1262,,285,PA
1261,,5100,PA
1260,,5100,PA
1259,,2255,PA
1258,,2450,PA
1257,,812.5,PA
1245,,1070,PA
2281,,,PA
2237,,29.39,PA
2229,,,PA
2228,,9,PA
2012,,,PA
2011,,509.5,PA
2010,,500,PA
1871,,,PA
1730,3.4,100,PA
1310,,10,PA
2066,,,PA
8,,258,PA
79,,305,PA
66,,1190,PA
626,,620,PA
625,,1040,PA
6,,2500,PA
595,,887.5,PA
402,,530,PA
388,,10,PA
382,,890,PA
380,,5,PA
375,,1780,PA
265,,430,PA
233,,8,PA
2259,,,PA
2181,,240,PA
2180,,50,PA
2087,,209.6,PA
2086,,204.6,PA
2085,,460.8,PA
2084,,180.5,PA
2083,,,PA
2082,,1047.25,PA
2081,,1494.7,PA
2080,,232.2,PA
2053,,11.2,PA
2049,,,PA
2048,,,PA
2047,,50,PA
2046,,,PA
2045,,,PA
2044,,,PA
2043,,,PA
2042,,,PA
2041,,,PA
2040,,,PA
2039,,,PA
2038,,20,PA
2024,,,PA
2021,,1.55,PA
2020,,,PA
2019,,14.18,PA
2018,,2.44,PA
2017,,1,PA
2013,,1.08,PA
1978,,,PA
1977,,,PA
1861,,5,PA
1859,,5,PA
156,8.1,1300,PA
153,,10,PA
151,,525,PA
150,,10,PA
149,,600,PA
130,,450,PA
648,,,PA
2061,,19.3,PA
1827,,,PA
1826,,10,PA
1825,,8,PA
1824,,5,PA
1823,,5.5,PA
1821,,2,PA
1820,,1,PA
165,,500,PA
832,,40,PA
829,2.86,2800,PA
823,,2.7,PA
815,,506,PA
776,4.4,1845,PA
775,,1305,PA
763,,496.5,PA
752,,,PA
749,,,PA
739,,690,PA
738,,60,PA
711,,,PA
704,,105,PA
689,,,PA
685,,,PA
675,,20,PA
2291,,,PA
2290,,,PA
2289,,,PA
2288,,,PA
2287,,,PA
2280,,,PA
1974,,,PA
1973,,,PA
1972,,,PA
871,,,PA
868,,7.5,PA
865,,2.9,PA
914,,4,PA
910,,11,PA
906,,2,PA
684,,3,PA
683,,,PA
680,19,,PA
679,,5,PA
678,,60,PA
677,,3,PA
676,,10,PA
671,6.9,,PA
669,,10,PA
668,13,,PA
667,,5,PA
665,,,PA
664,,2,PA
663,,3,PA
662,12,,PA
661,,,PA
660,,5,PA
659,,,PA
658,,10,PA
657,,3,PA
656,,,PA
654,,,PA
653,,5,PA
652,,5,PA
650,,10,PA
649,,,PA
647,,2,PA
646,,1375,PA
645,,,PA
644,,2090,PA
643,,,PA
642,,,PA
641,,,PA
640,,10,PA
639,,10,PA
638,,,PA
637,,55,PA
634,,,PA
633,,,PA
632,,10,PA
631,,,PA
630,,,PA
629,,,PA
628,,,PA
627,,,PA
621,,50,PA
620,,,PA
611,,,PA
603,,,PA
596,9.665,50,PA
571,,,PA
502,,,PA
455,,,PA
426,,,PA
392,,,PA
310,,,PA
269,,,PA
2233,,13.45,PA
2027,,5,PA
2008,,,PA
2001,,,PA
1982,,5,PA
1981,,,PA
1874,,,PA
1872,,,PA
1858,,,PA
721,,,PA
718,,,PA
717,,,PA
716,,,PA
715,,,PA
713,,,PA
712,,,PA
710,,,PA
709,,,PA
708,,,PA
707,,525,PA
702,,,PA
701,,10,PA
700,,,PA
699,,,PA
698,,,PA
697,,5,PA
696,,,PA
695,,,PA
694,,,PA
693,,,PA
692,,,PA
691,,,PA
690,,,PA
687,,,PA
686,,,PA
2232,,7.74,PA
2231,,30.28,PA
2230,,82.84,PA
2220,,,PA
2219,,,PA
2162,,1.403,PA
2014,,,PA
2003,,,PA
1979,,10,PA
1870,,,PA
1869,,,PA
1868,,,PA
1867,,,PA
1849,,20,PA
907,,,PA
903,,,PA
899,,4,PA
892,,2.3,PA
2285,,10,PA
968,,20,PA
967,,3.5,PA
965,,2,PA
963,,11,PA
962,0.89,20000,PA
2452,,,PA
2122,,4.115,PA
2097,,1.1625,PA
2218,,17.81,PA
2217,,9,PA
2216,,14.88,PA
2215,,3.66,PA
2161,,4.61,PA
2143,,32.68,PA
2142,,5.35,PA
2140,,20.15,PA
2115,,67.23,PA
2114,,12.49,PA
2113,,18.37,PA
941,,107,PA
937,0.95,14600,PA
934,7.55,865,PA
928,,940,PA
925,,,PA
1828,,,PA
951,,80,PA
960,,,PA
950,,,PA
949,,350,PA
944,,,PA
933,,,PA
2026,,1,PA
922,,7.5,PA
921,,,PA
920,,,PA
919,,25,PA
918,0.08,90,PA
2236,,,PA
2184,,10,PA
2031,,40,PA
2007,,,PA
1731,,2,PA
940,,,PA
930,,,PA
926,,2,PA
1742,,,PA
1741,,,PA
1740,,,PA
1739,,,PA
1738,,,PA
1737,,,PA
1736,,,PA
1735,,,PA
1734,,,PA
1733,,,PA
1732,,,PA
1721,,,PA
1720,,,PA
947,,,PA
946,,,PA
945,,,PA
935,,50,PA
2160,,,PA
1961,,,PA
1960,,,PA
1959,,,PA
1958,,,PA
1957,,,PA
1956,,,PA
1955,,,PA
1954,,,PA
1953,,,PA
1952,,,PA
1948,,,PA
1947,,,PA
1946,,,PA
1945,,,PA
1944,,,PA
1942,,,PA
1941,,,PA
1940,,,PA
1939,,,PA
1938,,,PA
1937,,,PA
1936,,,PA
1935,,,PA
1933,,,PA
1777,,,PA
1773,,,PA
1771,,,PA
1770,,,PA
1767,,,PA
1766,,,PA
1764,,,PA
1760,,,PA
1759,,,PA
1758,,,PA
1757,,,PA
1756,,,PA
1753,,,PA
1752,,,PA
1751,,,PA
1749,,,PA
1748,,,PA
1747,,,PA
1746,,,PA
2096,,,PA
1071,,1,PA
2183,,10,PA
2182,,50,PA
2102,,5,PA
2015,,,PA
1140,,,PA
1137,,,PA
1120,,2,PA
1081,,,PA
2167,,7.77,PA
1857,,,PA
1845,,,PA
1844,,,PA
1843,,,PA
1842,,,PA
1841,,,PA
1840,,,PA
1839,,,PA
1838,,,PA
1096,,,PA
2159,,3.29,PA
2130,,,PA
2129,,,PA
2128,,11.2,PA
2074,,11.51,PA
1963,,,PA
1962,,,PA
1951,,,PA
1950,,,PA
1949,,,PA
1934,,,PA
1837,,,PA
1836,,5,PA
1834,,6.955,PA
1065,,4,PA
1064,,40,PA
1063,,200,PA
1061,,250,PA
1141,,,PA
1074,,,PA
987,,,PA
985,,,PA
984,,,PA
2158,,,PA
2079,,,PA
2078,,10,PA
2068,,,PA
1863,,50,PA
1860,,450,PA
1023,,,PA
101-00010,0.5,,VA
101-00771,0.42,,VA
101-00793,1,,VA
101-00794,0.37,,VA
101-00795,0.08,,VA
101-00852,0.06,4,VA
101-00853,0.05,3,VA
101-00854,2.5,3.5,VA
104-00010,0.515,,VA
107-00081,0.3,835,VA
107-00083,0.18,1313,VA
107-00084,0.3,1266,VA
107-00105,5.2,,VA
107-00106,0.15,150,VA
107-00169,1.9,1001.5,VA
107-00170,12,1617.22,VA
107-00197,2.7,,VA
107-00198,2.9,,VA
107-00199,0.31,492.78,VA
107-00394,2.7,,VA
107-00400,2.7,,VA
107-00402,2.1,,VA
107-00412,2.2,,VA
107-00416,1.4,,VA
107-00418,1.4,,VA
107-00421,0.17,,VA
107-00422,0.09,,VA
107-00427,2,,VA
107-00453,0.39,5000,VA
107-00588,1.4,623.5,VA
107-00589,1.6,1175,VA
107-00590,1.6,1349,VA
107-00591,0.49,1478,VA
107-00592,0.8,3380,VA
107-00593,0.2,1700,VA
107-00594,1.11,4359.5,VA
107-00595,0.35,2200.545,VA
107-00596,1.45,1000,VA
107-00611,2.9,,VA
107-00621,2.1,,VA
107-00622,1.7,,VA
107-00656,0.395,641.78,VA
107-00657,1.6,88,VA
107-00754,3.5,,VA
107-00783,0.5,6,VA
107-00783,0.5,6,VA
107-00786,1.75,2,VA
107-00901,1.55,215,VA
107-00902,3.9,130,VA
107-00903,2.5,,VA
107-00904,1.1,405,VA
107-00905,1.9,23.5,VA
107-00906,2.1,124,VA
107-00910,0.35,,VA
107-00911,1.9,8.5,VA
107-00912,5.5,387,VA
107-00913,1.1,84,VA
107-00923,1.45,,VA
107-01004,3.3,,VA
107-01478,0.62,8.35,VA
107-01479,0.75,47.5,VA
107-01481,0.04,6.5,VA
108-00011,0.2,90,VA
108-00021,0.09,,VA
108-00022,0.24,,VA
108-00029,0.24,,VA
108-00060,0.05,,VA
108-00095,0.185,7311.66,VA
108-00106,0.9,,VA
108-00107,0.05,2376.4,VA
108-00108,0.05,500,VA
108-00109,0.05,,VA
108-00110,0.37,,VA
108-00111,0.07,,VA
108-00112,0.05,2226.05,VA
108-00113,0.12,2500,VA
116-00436,0.243,,VA
121-00030,4.5,,VA
121-00150,3.2,851.375,VA
121-00162,0.5,5.385,VA
121-00194,2.8,,VA
121-00209,4.2,394.9,VA
121-00210,2.6,1616,VA
121-00211,3.1,2387.62,VA
121-00213,2.53,329.16,VA
121-00214,3.35,587.54,VA
132-00171,3.4,,VA
134-00030,3.2,,VA
134-00031,3.3,1997,VA
134-00033,2,1416,VA
134-00034,3.4,1530.91,VA
134-00131,3.5,1070.39,VA
134-00132,3.5,,VA
134-00134,3.1,,VA
134-00147,3.01,0,VA
134-00191,2.4,,VA
134-00287,3,,VA
134-00289,3.7,968,VA
134-00290,2.9,1979.21,VA
134-00291,3.15,,VA
139-00116,0.6,,VA
145-00039,0.42,15,VA
145-00040,0.5,2311.32,VA
145-00044,1.1,547,VA
145-00045,0.7,1638,VA
145-00046,0.34,4569.6,VA
145-00079,0.31,1398.015,VA
145-00081,0.36,177,VA
145-00082,0.12,,VA
145-00083,0.25,1343.845,VA
145-00084,0.22,153,VA
145-00085,0.05,,VA
145-00086,0.9,214,VA
145-00087,0.13,255.5,VA
145-00088,0.6,236,VA
145-00092,0.17,99.5,VA
145-00094,0.05,,VA
145-00095,0.6,151,VA
145-00096,0.14,,VA
145-00097,1.65,51,VA
162-00176,0.39,,VA
162-00177,0.7,,VA
162-00179,0.01,,VA
162-00180,0.6,,VA
162-00230,0.14,,VA
162-00278,5.8,,VA
169-00071,1.34,3596.165,VA
169-00226,0.8,100,VA
169-00227,0.3,,VA
169-00228,0.5,,VA
169-00229,0.31,45,VA
169-00230,0.4,10,VA
169-00231,0.35,1,VA
169-00232,0.7,3,VA
169-00233,0.05,,VA
181-00150,0.19,,VA
181-00172,0.34,2791.535,VA
181-00264,5,,VA
181-00265,4,,VA
181-00271,3.2,,VA
181-00272,2.6,,VA
181-00273,3,,VA
181-00291,0.19,180,VA
181-00293,0.05,,VA
181-00294,0.19,90,VA
181-00295,2.25,125,VA
181-00296,2.5,225,VA
181-00297,1.05,157,VA
181-00298,1.5,180,VA
181-00299,0.29,5,VA
181-00301,0.65,,VA
181-00302,0.33,3500,VA
181-00303,0.19,,VA
181-00304,0.13,,VA
181-00306,0.36,1000,VA
181-00308,0.55,1425,VA
181-00309,0.55,1200,VA
181-00310,0.87,630,VA
181-00381,3.3,,VA
182-00128,0.345,837.5,VA
182-00157,8.45,,VA
182-00161,5.9,,VA
182-00162,3.3,,VA
182-00187,1.4,332,VA
182-00225,0.91,3700,VA
182-00229,0.01,,VA
182-00265,3.7,3048.5,VA
182-00580,0.05,,VA
182-00581,0.38,,VA
182-00584,3.3,1989.12,VA
182-00585,4.75,2701.78,VA
182-00661,4.1,,VA
182-00681,8,,VA
182-00727,0.24,,VA
182-00729,0.08,,VA
182-00833,4.97,,VA
182-00844,1.25,726.61,VA
182-00845,2.7,,VA
182-00855,5,83.84,VA
182-00856,17.2,10.805,VA
182-00856,17.2,10.805,VA
182-00856,17.2,10.805,VA
182-00857,3,148.1,VA
182-00896,3.25,,VA
182-01222,5.65,,VA
182-01223,9,,VA
182-01224,14.95,,VA
182-01305,19.95,,VA
185-00587,2.4,367.89,VA
185-00588,2.6,,VA
185-00589,1.8,582.12,VA
185-00590,2.34,1734.16,VA
185-00591,0.05,1057,VA
185-00684,0.05,1.055,VA
185-00685,0.12,,VA
185-00686,0.05,,VA
185-00687,0.05,10,VA
185-00688,0.08,,VA
185-00689,1.8,265.5,VA
185-00690,0.3,1200,VA
185-00691,0.13,,VA
185-00692,2.3,,VA
185-00693,2.1,372,VA
193-00124,3,1328,VA
196-00264,17.35,,VA
199-00143,1.9,,VA
199-00144,3.08,,VA
199-00146,0.035,,VA
199-00152,2.54,,VA
101-00861,,1,VA
101-00862,,1,VA
102-00035,,1858.99,VA
102-00110,,508,VA
102-00111,,620,VA
102-00112,,103,VA
102-00113,,375,VA
102-00114,,66,VA
102-00116,,3238.095,VA
102-00119,,733.15,VA
102-00120,,365.77,VA
102-00121,,151.69,VA
102-00123,,640,VA
102-00130,,8527.2,VA
102-00131,,200,VA
102-00134,,3000,VA
102-00135,,1500,VA
107-00019,,223.95,VA
107-00066,,1500,VA
107-00067,,1000,VA
107-00079,,1015.5,VA
107-00908,,22,VA
107-00909,,8,VA
107-00914,,17,VA
107-00915,,15,VA
107-00917,,35,VA
107-00919,,256,VA
107-01474,,4.5,VA
107-01490,,32.345,VA
107-01491,,127.01,VA
107-01492,,10,VA
107-01493,,5,VA
107-01494,,421.87,VA
107-01496,,50,VA
107-01501,,200,VA
107-01504,,15,VA
107-01612,,15,VA
107-01613,,1,VA
107-01614,,20,VA
107-01615,,5,VA
108-00077,,1750,VA
108-00114,,59,VA
108-00115,,809,VA
108-00128,,400.33,VA
108-00130,,106.665,VA
108-00131,,40,VA
108-00132,,30,VA
108-00134,,512.08,VA
108-00135,,67,VA
108-00136,,1054.68,VA
108-00137,,0.9,VA
108-00144,,5,VA
108-00145,,100,VA
108-00146,,36,VA
108-00147,,236.52,VA
108-00148,,5,VA
108-00149,,1,VA
111-00645,,2051.02,VA
121-00006,,4.94,VA
121-00170,,200,VA
121-00172,,211.61,VA
121-00192,,152.59,VA
121-00212,,462.26,VA
121-00217,,45,VA
121-00218,,20.64,VA
121-00219,,8,VA
121-00220,,24.68,VA
121-00230,,247.74,VA
121-00233,,75.4,VA
121-00234,,60,VA
121-00237,,385.07,VA
121-00238,,50,VA
121-00239,,25,VA
121-00296,,146.535,VA
121-00302,,5,VA
121-00303,,10,VA
121-00304,,251.325,VA
121-00308,,136.435,VA
121-00309,,61.93,VA
121-00316,,2.245,VA
121-00318,,6.73,VA
121-00324,,44.21,VA
121-00326,,13.915,VA
121-00328,,4.04,VA
121-00334,,6.735,VA
121-00335,,30.745,VA
134-00294,,60,VA
134-00387,,800,VA
134-00388,,42.6,VA
139-00115,,2,VA
145-00002,,300,VA
145-00006,,4,VA
145-00007,,1,VA
145-00080,,40,VA
145-00089,,45,VA
145-00098,,1300,VA
145-00126,,468,VA
145-00129,,1140,VA
145-00130,,100,VA
145-00131,,1500,VA
145-00150,,320,VA
147-00330,,0.5,VA
153-01356,,2.5,VA
153-01359,,28,VA
153-01360,,175,VA
162-00312,,30,VA
162-00319,,2.5,VA
162-00320,,0.25,VA
163-00241,,2.7,VA
169-00070,,368.91,VA
169-00234,,8,VA
169-00298,,100,VA
169-00301,,75,VA
169-00302,,5,VA
175-02783,,1.5,VA
175-02784,,5,VA
175-02785,,0.5,VA
175-02786,,9.87,VA
175-02787,,16.75,VA
175-02788,,10,VA
175-02789,,1.31,VA
175-02790,,4.2,VA
175-02791,,2.07,VA
175-02792,,7.18,VA
181-00039,,991,VA
181-00300,,90,VA
181-00307,,1400,VA
181-00403,,5000,VA
181-00404,,1460,VA
181-00405,,200,VA
181-00406,,60,VA
182-00125,,21.4,VA
182-00196,,3000,VA
182-00583,,503.105,VA
182-00843,,157.915,VA
182-00848,,10,VA
182-00854,,300,VA
182-00899,,400,VA
182-01130,,15,VA
182-01131,,39.5,VA
182-01132,,131.95,VA
182-01133,,4,VA
182-01135,,800,VA
182-01137,,166.95,VA
182-01138,,0,VA
182-01139,,0,VA
182-01184,,5,VA
182-01189,,30,VA
182-01190,,2,VA
182-01194,,5,VA
182-01198,,798.86,VA
182-01202,,500,VA
182-01203,,200,VA
182-01221,,2822.5,VA
182-01225,,392.7,VA
182-01285,,10,VA
182-01286,,10,VA
182-01287,,10,VA
182-01288,,10,VA
182-01289,,10,VA
182-01290,,100,VA
182-01291,,10,VA
182-01292,,10,VA
182-01293,,10,VA
182-01294,,100,VA
182-01295,,10,VA
182-01296,,10,VA
182-01297,,10,VA
182-01298,,10,VA
185-00734,,407.51,VA
185-00735,,0,VA
185-00736,,390.01,VA
185-00737,,71.585,VA
185-00738,,117.14,VA
185-00769,,210,VA
190-00142,,287.23,VA
193-00016,,23.34,VA
193-00093,,2.7,VA
193-00094,,7.5,VA
193-00268,,124.315,VA
193-00309,,5,VA
